id,name,category,is_custom,created_by,review_status,created_at
200000,initiate,transferable,0,,approved,2025-01-07T00:00:00Z
200001,lead,transferable,0,,approved,2025-01-07T00:00:00Z
200002,pioneer,transferable,0,,approved,2025-01-07T00:00:00Z
200003,supervise,transferable,0,,approved,2025-01-07T00:00:00Z
200004,manage,transferable,0,,approved,2025-01-07T00:00:00Z
200005,follow through,transferable,0,,approved,2025-01-07T00:00:00Z
200006,accomplish,transferable,0,,approved,2025-01-07T00:00:00Z
200007,motivate,transferable,0,,approved,2025-01-07T00:00:00Z
200008,persuade,transferable,0,,approved,2025-01-07T00:00:00Z
200009,sell,transferable,0,,approved,2025-01-07T00:00:00Z
200010,recruit,transferable,0,,approved,2025-01-07T00:00:00Z
200011,consult,transferable,0,,approved,2025-01-07T00:00:00Z
200012,advise,transferable,0,,approved,2025-01-07T00:00:00Z
200013,coordinate,transferable,0,,approved,2025-01-07T00:00:00Z
200014,negotiate,transferable,0,,approved,2025-01-07T00:00:00Z
200015,resolve conflict,transferable,0,,approved,2025-01-07T00:00:00Z
200016,network,transferable,0,,approved,2025-01-07T00:00:00Z
200017,connect,transferable,0,,approved,2025-01-07T00:00:00Z
200018,heal,transferable,0,,approved,2025-01-07T00:00:00Z
200019,cure,transferable,0,,approved,2025-01-07T00:00:00Z
200020,assess,transferable,0,,approved,2025-01-07T00:00:00Z
200021,evaluate,transferable,0,,approved,2025-01-07T00:00:00Z
200022,treat,transferable,0,,approved,2025-01-07T00:00:00Z
200023,empathize,transferable,0,,approved,2025-01-07T00:00:00Z
200024,interview,transferable,0,,approved,2025-01-07T00:00:00Z
200025,comfort,transferable,0,,approved,2025-01-07T00:00:00Z
200026,encourage,transferable,0,,approved,2025-01-07T00:00:00Z
200027,build esteem,transferable,0,,approved,2025-01-07T00:00:00Z
200028,counsel,transferable,0,,approved,2025-01-07T00:00:00Z
200029,instruct,transferable,0,,approved,2025-01-07T00:00:00Z
200030,teach,transferable,0,,approved,2025-01-07T00:00:00Z
200031,tutor,transferable,0,,approved,2025-01-07T00:00:00Z
200032,train,transferable,0,,approved,2025-01-07T00:00:00Z
200033,speak,transferable,0,,approved,2025-01-07T00:00:00Z
200034,listen,transferable,0,,approved,2025-01-07T00:00:00Z
200035,guide,transferable,0,,approved,2025-01-07T00:00:00Z
200036,mentor,transferable,0,,approved,2025-01-07T00:00:00Z
200037,communicate in person,transferable,0,,approved,2025-01-07T00:00:00Z
200038,communicate in writing,transferable,0,,approved,2025-01-07T00:00:00Z
200039,communicate digitally,transferable,0,,approved,2025-01-07T00:00:00Z
200040,divert,transferable,0,,approved,2025-01-07T00:00:00Z
200041,amuse,transferable,0,,approved,2025-01-07T00:00:00Z
200042,entertain,transferable,0,,approved,2025-01-07T00:00:00Z
200043,perform,transferable,0,,approved,2025-01-07T00:00:00Z
200044,act,transferable,0,,approved,2025-01-07T00:00:00Z
200045,play an instrument,transferable,0,,approved,2025-01-07T00:00:00Z
200046,interpret,transferable,0,,approved,2025-01-07T00:00:00Z
200047,translate,transferable,0,,approved,2025-01-07T00:00:00Z
200048,serve,transferable,0,,approved,2025-01-07T00:00:00Z
200049,care for,transferable,0,,approved,2025-01-07T00:00:00Z
200050,follow,transferable,0,,approved,2025-01-07T00:00:00Z
200051,use intuition,transferable,0,,approved,2025-01-07T00:00:00Z
200052,create,transferable,0,,approved,2025-01-07T00:00:00Z
200053,innovate,transferable,0,,approved,2025-01-07T00:00:00Z
200054,invent,transferable,0,,approved,2025-01-07T00:00:00Z
200055,design,transferable,0,,approved,2025-01-07T00:00:00Z
200056,visualize,transferable,0,,approved,2025-01-07T00:00:00Z
200057,imagine,transferable,0,,approved,2025-01-07T00:00:00Z
200058,think,transferable,0,,approved,2025-01-07T00:00:00Z
200059,synthesize,transferable,0,,approved,2025-01-07T00:00:00Z
200060,systematize,transferable,0,,approved,2025-01-07T00:00:00Z
200061,prioritize,transferable,0,,approved,2025-01-07T00:00:00Z
200062,organize,transferable,0,,approved,2025-01-07T00:00:00Z
200063,classify,transferable,0,,approved,2025-01-07T00:00:00Z
200064,recognize patterns,transferable,0,,approved,2025-01-07T00:00:00Z
200065,analyze,transferable,0,,approved,2025-01-07T00:00:00Z
200066,compute,transferable,0,,approved,2025-01-07T00:00:00Z
200067,remember,transferable,0,,approved,2025-01-07T00:00:00Z
200068,develop,transferable,0,,approved,2025-01-07T00:00:00Z
200069,improve,transferable,0,,approved,2025-01-07T00:00:00Z
200070,problem solve,transferable,0,,approved,2025-01-07T00:00:00Z
200071,plan,transferable,0,,approved,2025-01-07T00:00:00Z
200072,program,transferable,0,,approved,2025-01-07T00:00:00Z
200073,research,transferable,0,,approved,2025-01-07T00:00:00Z
200074,examine,transferable,0,,approved,2025-01-07T00:00:00Z
200075,inspect,transferable,0,,approved,2025-01-07T00:00:00Z
200076,compare,transferable,0,,approved,2025-01-07T00:00:00Z
200077,contrast,transferable,0,,approved,2025-01-07T00:00:00Z
200078,observe,transferable,0,,approved,2025-01-07T00:00:00Z
200079,study,transferable,0,,approved,2025-01-07T00:00:00Z
200080,compile,transferable,0,,approved,2025-01-07T00:00:00Z
200081,record,transferable,0,,approved,2025-01-07T00:00:00Z
200082,file,transferable,0,,approved,2025-01-07T00:00:00Z
200083,retrieve,transferable,0,,approved,2025-01-07T00:00:00Z
200084,copy,transferable,0,,approved,2025-01-07T00:00:00Z
200085,control,transferable,0,,approved,2025-01-07T00:00:00Z
200086,expedite,transferable,0,,approved,2025-01-07T00:00:00Z
200087,make,transferable,0,,approved,2025-01-07T00:00:00Z
200088,produce,transferable,0,,approved,2025-01-07T00:00:00Z
200089,manufacture,transferable,0,,approved,2025-01-07T00:00:00Z
200090,repair,transferable,0,,approved,2025-01-07T00:00:00Z
200091,finish,transferable,0,,approved,2025-01-07T00:00:00Z
200092,restore,transferable,0,,approved,2025-01-07T00:00:00Z
200093,preserve,transferable,0,,approved,2025-01-07T00:00:00Z
200094,construct,transferable,0,,approved,2025-01-07T00:00:00Z
200095,shape,transferable,0,,approved,2025-01-07T00:00:00Z
200096,model,transferable,0,,approved,2025-01-07T00:00:00Z
200097,sculpt,transferable,0,,approved,2025-01-07T00:00:00Z
200098,cut,transferable,0,,approved,2025-01-07T00:00:00Z
200099,carve,transferable,0,,approved,2025-01-07T00:00:00Z
200100,chisel,transferable,0,,approved,2025-01-07T00:00:00Z
200101,paint,transferable,0,,approved,2025-01-07T00:00:00Z
200102,draw,transferable,0,,approved,2025-01-07T00:00:00Z
200103,sketch,transferable,0,,approved,2025-01-07T00:00:00Z
200104,set up,transferable,0,,approved,2025-01-07T00:00:00Z
200105,assemble,transferable,0,,approved,2025-01-07T00:00:00Z
200106,handle,transferable,0,,approved,2025-01-07T00:00:00Z
200107,tend,transferable,0,,approved,2025-01-07T00:00:00Z
200108,feed,transferable,0,,approved,2025-01-07T00:00:00Z
200109,operate,transferable,0,,approved,2025-01-07T00:00:00Z
200110,drive,transferable,0,,approved,2025-01-07T00:00:00Z
200111,manipulate,transferable,0,,approved,2025-01-07T00:00:00Z
200112,write,transferable,0,,approved,2025-01-07T00:00:00Z
200113,edit,transferable,0,,approved,2025-01-07T00:00:00Z
200114,proofread,transferable,0,,approved,2025-01-07T00:00:00Z
200115,budget,transferable,0,,approved,2025-01-07T00:00:00Z
200116,forecast,transferable,0,,approved,2025-01-07T00:00:00Z
200117,audit,transferable,0,,approved,2025-01-07T00:00:00Z
200118,calculate,transferable,0,,approved,2025-01-07T00:00:00Z
200119,estimate,transferable,0,,approved,2025-01-07T00:00:00Z
200120,delegate,transferable,0,,approved,2025-01-07T00:00:00Z
200121,facilitate,transferable,0,,approved,2025-01-07T00:00:00Z
200122,mediate,transferable,0,,approved,2025-01-07T00:00:00Z
200123,arbitrate,transferable,0,,approved,2025-01-07T00:00:00Z
200124,present,transferable,0,,approved,2025-01-07T00:00:00Z
200125,pitch,transferable,0,,approved,2025-01-07T00:00:00Z
200126,demonstrate,transferable,0,,approved,2025-01-07T00:00:00Z
200127,explain,transferable,0,,approved,2025-01-07T00:00:00Z
200128,simplify,transferable,0,,approved,2025-01-07T00:00:00Z
200129,clarify,transferable,0,,approved,2025-01-07T00:00:00Z
200130,summarize,transferable,0,,approved,2025-01-07T00:00:00Z
200131,report,transferable,0,,approved,2025-01-07T00:00:00Z
200132,document,transferable,0,,approved,2025-01-07T00:00:00Z
200133,transcribe,transferable,0,,approved,2025-01-07T00:00:00Z
200134,code,transferable,0,,approved,2025-01-07T00:00:00Z
200135,debug,transferable,0,,approved,2025-01-07T00:00:00Z
200136,test,transferable,0,,approved,2025-01-07T00:00:00Z
200137,deploy,transferable,0,,approved,2025-01-07T00:00:00Z
200138,configure,transferable,0,,approved,2025-01-07T00:00:00Z
200139,install,transferable,0,,approved,2025-01-07T00:00:00Z
200140,troubleshoot,transferable,0,,approved,2025-01-07T00:00:00Z
200141,diagnose,transferable,0,,approved,2025-01-07T00:00:00Z
200142,maintain,transferable,0,,approved,2025-01-07T00:00:00Z
200143,upgrade,transferable,0,,approved,2025-01-07T00:00:00Z
200144,optimize,transferable,0,,approved,2025-01-07T00:00:00Z
200145,automate,transferable,0,,approved,2025-01-07T00:00:00Z
200146,streamline,transferable,0,,approved,2025-01-07T00:00:00Z
200147,standardize,transferable,0,,approved,2025-01-07T00:00:00Z
200148,implement,transferable,0,,approved,2025-01-07T00:00:00Z
200149,execute,transferable,0,,approved,2025-01-07T00:00:00Z
200150,launch,transferable,0,,approved,2025-01-07T00:00:00Z
200151,scale,transferable,0,,approved,2025-01-07T00:00:00Z
200152,grow,transferable,0,,approved,2025-01-07T00:00:00Z
200153,expand,transferable,0,,approved,2025-01-07T00:00:00Z
200154,acquire,transferable,0,,approved,2025-01-07T00:00:00Z
200155,merge,transferable,0,,approved,2025-01-07T00:00:00Z
200156,integrate,transferable,0,,approved,2025-01-07T00:00:00Z
200157,collaborate,transferable,0,,approved,2025-01-07T00:00:00Z
200158,partner,transferable,0,,approved,2025-01-07T00:00:00Z
200159,liaise,transferable,0,,approved,2025-01-07T00:00:00Z
200160,advocate,transferable,0,,approved,2025-01-07T00:00:00Z
200161,represent,transferable,0,,approved,2025-01-07T00:00:00Z
200162,lobby,transferable,0,,approved,2025-01-07T00:00:00Z
200163,campaign,transferable,0,,approved,2025-01-07T00:00:00Z
200164,fundraise,transferable,0,,approved,2025-01-07T00:00:00Z
200165,solicit,transferable,0,,approved,2025-01-07T00:00:00Z
200166,cultivate,transferable,0,,approved,2025-01-07T00:00:00Z
200167,steward,transferable,0,,approved,2025-01-07T00:00:00Z
200168,curate,transferable,0,,approved,2025-01-07T00:00:00Z
200169,select,transferable,0,,approved,2025-01-07T00:00:00Z
200170,source,transferable,0,,approved,2025-01-07T00:00:00Z
200171,procure,transferable,0,,approved,2025-01-07T00:00:00Z
200172,purchase,transferable,0,,approved,2025-01-07T00:00:00Z
200173,negotiate contracts,transferable,0,,approved,2025-01-07T00:00:00Z
200174,vet,transferable,0,,approved,2025-01-07T00:00:00Z
200175,qualify,transferable,0,,approved,2025-01-07T00:00:00Z
200176,onboard,transferable,0,,approved,2025-01-07T00:00:00Z
200177,orient,transferable,0,,approved,2025-01-07T00:00:00Z
200178,acclimate,transferable,0,,approved,2025-01-07T00:00:00Z
200179,coach,transferable,0,,approved,2025-01-07T00:00:00Z
200180,develop talent,transferable,0,,approved,2025-01-07T00:00:00Z
200181,review performance,transferable,0,,approved,2025-01-07T00:00:00Z
200182,give feedback,transferable,0,,approved,2025-01-07T00:00:00Z
200183,discipline,transferable,0,,approved,2025-01-07T00:00:00Z
200184,terminate,transferable,0,,approved,2025-01-07T00:00:00Z
200185,schedule,transferable,0,,approved,2025-01-07T00:00:00Z
200186,allocate,transferable,0,,approved,2025-01-07T00:00:00Z
200187,assign,transferable,0,,approved,2025-01-07T00:00:00Z
200188,distribute,transferable,0,,approved,2025-01-07T00:00:00Z
200189,dispatch,transferable,0,,approved,2025-01-07T00:00:00Z
200190,route,transferable,0,,approved,2025-01-07T00:00:00Z
200191,track,transferable,0,,approved,2025-01-07T00:00:00Z
200192,monitor,transferable,0,,approved,2025-01-07T00:00:00Z
200193,measure,transferable,0,,approved,2025-01-07T00:00:00Z
200194,quantify,transferable,0,,approved,2025-01-07T00:00:00Z
200195,benchmark,transferable,0,,approved,2025-01-07T00:00:00Z
200196,survey,transferable,0,,approved,2025-01-07T00:00:00Z
200197,poll,transferable,0,,approved,2025-01-07T00:00:00Z
200198,interview for research,transferable,0,,approved,2025-01-07T00:00:00Z
200199,focus group,transferable,0,,approved,2025-01-07T00:00:00Z
200200,validate,transferable,0,,approved,2025-01-07T00:00:00Z
200201,verify,transferable,0,,approved,2025-01-07T00:00:00Z
200202,authenticate,transferable,0,,approved,2025-01-07T00:00:00Z
200203,certify,transferable,0,,approved,2025-01-07T00:00:00Z
200204,license,transferable,0,,approved,2025-01-07T00:00:00Z
200205,accredit,transferable,0,,approved,2025-01-07T00:00:00Z
200206,comply,transferable,0,,approved,2025-01-07T00:00:00Z
200207,regulate,transferable,0,,approved,2025-01-07T00:00:00Z
200208,enforce,transferable,0,,approved,2025-01-07T00:00:00Z
200209,adjudicate,transferable,0,,approved,2025-01-07T00:00:00Z
200210,investigate,transferable,0,,approved,2025-01-07T00:00:00Z
200211,prosecute,transferable,0,,approved,2025-01-07T00:00:00Z
200212,defend,transferable,0,,approved,2025-01-07T00:00:00Z
200213,litigate,transferable,0,,approved,2025-01-07T00:00:00Z
200214,draft legal documents,transferable,0,,approved,2025-01-07T00:00:00Z
200215,review contracts,transferable,0,,approved,2025-01-07T00:00:00Z
200216,protect,transferable,0,,approved,2025-01-07T00:00:00Z
200217,secure,transferable,0,,approved,2025-01-07T00:00:00Z
200218,safeguard,transferable,0,,approved,2025-01-07T00:00:00Z
200219,patrol,transferable,0,,approved,2025-01-07T00:00:00Z
200220,surveil,transferable,0,,approved,2025-01-07T00:00:00Z
200221,detect,transferable,0,,approved,2025-01-07T00:00:00Z
200222,respond to emergencies,transferable,0,,approved,2025-01-07T00:00:00Z
200223,rescue,transferable,0,,approved,2025-01-07T00:00:00Z
200224,evacuate,transferable,0,,approved,2025-01-07T00:00:00Z
200225,triage,transferable,0,,approved,2025-01-07T00:00:00Z
200226,stabilize,transferable,0,,approved,2025-01-07T00:00:00Z
200227,rehabilitate,transferable,0,,approved,2025-01-07T00:00:00Z
200228,recover,transferable,0,,approved,2025-01-07T00:00:00Z
200229,adapt,transferable,0,,approved,2025-01-07T00:00:00Z
200230,pivot,transferable,0,,approved,2025-01-07T00:00:00Z
200231,transform,transferable,0,,approved,2025-01-07T00:00:00Z
200232,change manage,transferable,0,,approved,2025-01-07T00:00:00Z
200233,transition,transferable,0,,approved,2025-01-07T00:00:00Z
200234,migrate,transferable,0,,approved,2025-01-07T00:00:00Z
200235,convert,transferable,0,,approved,2025-01-07T00:00:00Z
200236,digitize,transferable,0,,approved,2025-01-07T00:00:00Z
200237,modernize,transferable,0,,approved,2025-01-07T00:00:00Z
200238,reimagine,transferable,0,,approved,2025-01-07T00:00:00Z
200239,rebrand,transferable,0,,approved,2025-01-07T00:00:00Z
200240,position,transferable,0,,approved,2025-01-07T00:00:00Z
200241,differentiate,transferable,0,,approved,2025-01-07T00:00:00Z
200242,market,transferable,0,,approved,2025-01-07T00:00:00Z
200243,promote,transferable,0,,approved,2025-01-07T00:00:00Z
200244,advertise,transferable,0,,approved,2025-01-07T00:00:00Z
200245,brand,transferable,0,,approved,2025-01-07T00:00:00Z
200246,publicize,transferable,0,,approved,2025-01-07T00:00:00Z
200247,influence,transferable,0,,approved,2025-01-07T00:00:00Z
200248,engage audiences,transferable,0,,approved,2025-01-07T00:00:00Z
200249,build community,transferable,0,,approved,2025-01-07T00:00:00Z
200250,moderate,transferable,0,,approved,2025-01-07T00:00:00Z
200251,host,transferable,0,,approved,2025-01-07T00:00:00Z
200252,emcee,transferable,0,,approved,2025-01-07T00:00:00Z
200253,announce,transferable,0,,approved,2025-01-07T00:00:00Z
200254,broadcast,transferable,0,,approved,2025-01-07T00:00:00Z
200255,podcast,transferable,0,,approved,2025-01-07T00:00:00Z
200256,livestream,transferable,0,,approved,2025-01-07T00:00:00Z
200257,produce media,transferable,0,,approved,2025-01-07T00:00:00Z
200258,direct,transferable,0,,approved,2025-01-07T00:00:00Z
200259,film,transferable,0,,approved,2025-01-07T00:00:00Z
200260,photograph,transferable,0,,approved,2025-01-07T00:00:00Z
200261,edit video,transferable,0,,approved,2025-01-07T00:00:00Z
200262,edit audio,transferable,0,,approved,2025-01-07T00:00:00Z
200263,mix,transferable,0,,approved,2025-01-07T00:00:00Z
200264,master,transferable,0,,approved,2025-01-07T00:00:00Z
200265,compose,transferable,0,,approved,2025-01-07T00:00:00Z
200266,arrange,transferable,0,,approved,2025-01-07T00:00:00Z
200267,orchestrate,transferable,0,,approved,2025-01-07T00:00:00Z
200268,conduct,transferable,0,,approved,2025-01-07T00:00:00Z
200269,choreograph,transferable,0,,approved,2025-01-07T00:00:00Z
200270,dance,transferable,0,,approved,2025-01-07T00:00:00Z
200271,sing,transferable,0,,approved,2025-01-07T00:00:00Z
200272,voice act,transferable,0,,approved,2025-01-07T00:00:00Z
200273,narrate,transferable,0,,approved,2025-01-07T00:00:00Z
200274,storytell,transferable,0,,approved,2025-01-07T00:00:00Z
200275,copywrite,transferable,0,,approved,2025-01-07T00:00:00Z
200276,ghostwrite,transferable,0,,approved,2025-01-07T00:00:00Z
200277,blog,transferable,0,,approved,2025-01-07T00:00:00Z
200278,journal,transferable,0,,approved,2025-01-07T00:00:00Z
200279,publish,transferable,0,,approved,2025-01-07T00:00:00Z
200280,typeset,transferable,0,,approved,2025-01-07T00:00:00Z
200281,layout,transferable,0,,approved,2025-01-07T00:00:00Z
200282,format,transferable,0,,approved,2025-01-07T00:00:00Z
200283,illustrate,transferable,0,,approved,2025-01-07T00:00:00Z
200284,animate,transferable,0,,approved,2025-01-07T00:00:00Z
200285,render,transferable,0,,approved,2025-01-07T00:00:00Z
200286,prototype,transferable,0,,approved,2025-01-07T00:00:00Z
200287,wireframe,transferable,0,,approved,2025-01-07T00:00:00Z
200288,mockup,transferable,0,,approved,2025-01-07T00:00:00Z
200289,user test,transferable,0,,approved,2025-01-07T00:00:00Z
200290,iterate,transferable,0,,approved,2025-01-07T00:00:00Z
200291,refine,transferable,0,,approved,2025-01-07T00:00:00Z
200292,polish,transferable,0,,approved,2025-01-07T00:00:00Z
200293,finalize,transferable,0,,approved,2025-01-07T00:00:00Z
200294,ship,transferable,0,,approved,2025-01-07T00:00:00Z
200295,deliver,transferable,0,,approved,2025-01-07T00:00:00Z
200296,fulfill,transferable,0,,approved,2025-01-07T00:00:00Z
200297,provision,transferable,0,,approved,2025-01-07T00:00:00Z
200298,stock,transferable,0,,approved,2025-01-07T00:00:00Z
200299,inventory,transferable,0,,approved,2025-01-07T00:00:00Z
200300,warehouse,transferable,0,,approved,2025-01-07T00:00:00Z
200301,logistics,transferable,0,,approved,2025-01-07T00:00:00Z
200302,transport,transferable,0,,approved,2025-01-07T00:00:00Z
200303,import,transferable,0,,approved,2025-01-07T00:00:00Z
200304,export,transferable,0,,approved,2025-01-07T00:00:00Z
200305,clear customs,transferable,0,,approved,2025-01-07T00:00:00Z
200306,broker,transferable,0,,approved,2025-01-07T00:00:00Z
200307,insure,transferable,0,,approved,2025-01-07T00:00:00Z
200308,underwrite,transferable,0,,approved,2025-01-07T00:00:00Z
200309,appraise,transferable,0,,approved,2025-01-07T00:00:00Z
200310,value,transferable,0,,approved,2025-01-07T00:00:00Z
200311,price,transferable,0,,approved,2025-01-07T00:00:00Z
200312,quote,transferable,0,,approved,2025-01-07T00:00:00Z
200313,bid,transferable,0,,approved,2025-01-07T00:00:00Z
200314,tender,transferable,0,,approved,2025-01-07T00:00:00Z
200315,propose,transferable,0,,approved,2025-01-07T00:00:00Z
200316,scope,transferable,0,,approved,2025-01-07T00:00:00Z
200317,specify,transferable,0,,approved,2025-01-07T00:00:00Z
200318,blueprint,transferable,0,,approved,2025-01-07T00:00:00Z
200319,architect,transferable,0,,approved,2025-01-07T00:00:00Z
200320,engineer,transferable,0,,approved,2025-01-07T00:00:00Z
200321,draft technical drawings,transferable,0,,approved,2025-01-07T00:00:00Z
200322,survey land,transferable,0,,approved,2025-01-07T00:00:00Z
200323,map,transferable,0,,approved,2025-01-07T00:00:00Z
200324,navigate,transferable,0,,approved,2025-01-07T00:00:00Z
200325,pilot,transferable,0,,approved,2025-01-07T00:00:00Z
200326,captain,transferable,0,,approved,2025-01-07T00:00:00Z
200327,steer,transferable,0,,approved,2025-01-07T00:00:00Z
200328,dock,transferable,0,,approved,2025-01-07T00:00:00Z
200329,load,transferable,0,,approved,2025-01-07T00:00:00Z
200330,unload,transferable,0,,approved,2025-01-07T00:00:00Z
200331,lift,transferable,0,,approved,2025-01-07T00:00:00Z
200332,carry,transferable,0,,approved,2025-01-07T00:00:00Z
200333,move,transferable,0,,approved,2025-01-07T00:00:00Z
200334,pack,transferable,0,,approved,2025-01-07T00:00:00Z
200335,wrap,transferable,0,,approved,2025-01-07T00:00:00Z
200336,label,transferable,0,,approved,2025-01-07T00:00:00Z
200337,sort,transferable,0,,approved,2025-01-07T00:00:00Z
200338,separate,transferable,0,,approved,2025-01-07T00:00:00Z
200339,filter,transferable,0,,approved,2025-01-07T00:00:00Z
200340,purify,transferable,0,,approved,2025-01-07T00:00:00Z
200341,distill,transferable,0,,approved,2025-01-07T00:00:00Z
200342,extract,transferable,0,,approved,2025-01-07T00:00:00Z
200343,refine materials,transferable,0,,approved,2025-01-07T00:00:00Z
200344,process,transferable,0,,approved,2025-01-07T00:00:00Z
200345,treat materials,transferable,0,,approved,2025-01-07T00:00:00Z
200346,coat,transferable,0,,approved,2025-01-07T00:00:00Z
200347,plate,transferable,0,,approved,2025-01-07T00:00:00Z
200348,weld,transferable,0,,approved,2025-01-07T00:00:00Z
200349,solder,transferable,0,,approved,2025-01-07T00:00:00Z
200350,braze,transferable,0,,approved,2025-01-07T00:00:00Z
200351,rivet,transferable,0,,approved,2025-01-07T00:00:00Z
200352,bolt,transferable,0,,approved,2025-01-07T00:00:00Z
200353,fasten,transferable,0,,approved,2025-01-07T00:00:00Z
200354,secure materials,transferable,0,,approved,2025-01-07T00:00:00Z
200355,calibrate,transferable,0,,approved,2025-01-07T00:00:00Z
200356,adjust,transferable,0,,approved,2025-01-07T00:00:00Z
200357,tune,transferable,0,,approved,2025-01-07T00:00:00Z
200358,align,transferable,0,,approved,2025-01-07T00:00:00Z
200359,balance,transferable,0,,approved,2025-01-07T00:00:00Z
200360,level,transferable,0,,approved,2025-01-07T00:00:00Z
200361,plumb,transferable,0,,approved,2025-01-07T00:00:00Z
200362,wire,transferable,0,,approved,2025-01-07T00:00:00Z
200363,connect electrically,transferable,0,,approved,2025-01-07T00:00:00Z
200364,ground,transferable,0,,approved,2025-01-07T00:00:00Z
200365,insulate,transferable,0,,approved,2025-01-07T00:00:00Z
200366,seal,transferable,0,,approved,2025-01-07T00:00:00Z
200367,waterproof,transferable,0,,approved,2025-01-07T00:00:00Z
200368,fireproof,transferable,0,,approved,2025-01-07T00:00:00Z
200369,soundproof,transferable,0,,approved,2025-01-07T00:00:00Z
200370,climate control,transferable,0,,approved,2025-01-07T00:00:00Z
200371,ventilate,transferable,0,,approved,2025-01-07T00:00:00Z
200372,heat,transferable,0,,approved,2025-01-07T00:00:00Z
200373,cool,transferable,0,,approved,2025-01-07T00:00:00Z
200374,refrigerate,transferable,0,,approved,2025-01-07T00:00:00Z
200375,freeze,transferable,0,,approved,2025-01-07T00:00:00Z
200376,thaw,transferable,0,,approved,2025-01-07T00:00:00Z
200377,cook,transferable,0,,approved,2025-01-07T00:00:00Z
200378,bake,transferable,0,,approved,2025-01-07T00:00:00Z
200379,grill,transferable,0,,approved,2025-01-07T00:00:00Z
200380,roast,transferable,0,,approved,2025-01-07T00:00:00Z
200381,fry,transferable,0,,approved,2025-01-07T00:00:00Z
200382,saut√©,transferable,0,,approved,2025-01-07T00:00:00Z
200383,steam,transferable,0,,approved,2025-01-07T00:00:00Z
200384,boil,transferable,0,,approved,2025-01-07T00:00:00Z
200385,simmer,transferable,0,,approved,2025-01-07T00:00:00Z
200386,braise,transferable,0,,approved,2025-01-07T00:00:00Z
200387,smoke food,transferable,0,,approved,2025-01-07T00:00:00Z
200388,cure food,transferable,0,,approved,2025-01-07T00:00:00Z
200389,ferment,transferable,0,,approved,2025-01-07T00:00:00Z
200390,brew,transferable,0,,approved,2025-01-07T00:00:00Z
200391,distill spirits,transferable,0,,approved,2025-01-07T00:00:00Z
200392,blend,transferable,0,,approved,2025-01-07T00:00:00Z
200393,taste,transferable,0,,approved,2025-01-07T00:00:00Z
200394,plate food,transferable,0,,approved,2025-01-07T00:00:00Z
200395,garnish,transferable,0,,approved,2025-01-07T00:00:00Z
200396,portion,transferable,0,,approved,2025-01-07T00:00:00Z
200397,prep,transferable,0,,approved,2025-01-07T00:00:00Z
200398,mise en place,transferable,0,,approved,2025-01-07T00:00:00Z
200399,butcher,transferable,0,,approved,2025-01-07T00:00:00Z
200400,fillet,transferable,0,,approved,2025-01-07T00:00:00Z
200401,debone,transferable,0,,approved,2025-01-07T00:00:00Z
200402,dice,transferable,0,,approved,2025-01-07T00:00:00Z
200403,chop,transferable,0,,approved,2025-01-07T00:00:00Z
200404,mince,transferable,0,,approved,2025-01-07T00:00:00Z
200405,julienne,transferable,0,,approved,2025-01-07T00:00:00Z
200406,peel,transferable,0,,approved,2025-01-07T00:00:00Z
200407,zest,transferable,0,,approved,2025-01-07T00:00:00Z
200408,juice,transferable,0,,approved,2025-01-07T00:00:00Z
200409,knead,transferable,0,,approved,2025-01-07T00:00:00Z
200410,roll dough,transferable,0,,approved,2025-01-07T00:00:00Z
200411,fold,transferable,0,,approved,2025-01-07T00:00:00Z
200412,whip,transferable,0,,approved,2025-01-07T00:00:00Z
200413,beat,transferable,0,,approved,2025-01-07T00:00:00Z
200414,cream,transferable,0,,approved,2025-01-07T00:00:00Z
200415,emulsify,transferable,0,,approved,2025-01-07T00:00:00Z
200416,temper,transferable,0,,approved,2025-01-07T00:00:00Z
200417,decorate cakes,transferable,0,,approved,2025-01-07T00:00:00Z
200418,pipe,transferable,0,,approved,2025-01-07T00:00:00Z
200419,frost,transferable,0,,approved,2025-01-07T00:00:00Z
200420,glaze,transferable,0,,approved,2025-01-07T00:00:00Z
200421,caramelize,transferable,0,,approved,2025-01-07T00:00:00Z
200422,reduce,transferable,0,,approved,2025-01-07T00:00:00Z
200423,deglaze,transferable,0,,approved,2025-01-07T00:00:00Z
200424,season,transferable,0,,approved,2025-01-07T00:00:00Z
200425,marinate,transferable,0,,approved,2025-01-07T00:00:00Z
200426,brine,transferable,0,,approved,2025-01-07T00:00:00Z
200427,garden,transferable,0,,approved,2025-01-07T00:00:00Z
200428,plant,transferable,0,,approved,2025-01-07T00:00:00Z
200429,seed,transferable,0,,approved,2025-01-07T00:00:00Z
200430,propagate,transferable,0,,approved,2025-01-07T00:00:00Z
200431,graft,transferable,0,,approved,2025-01-07T00:00:00Z
200432,prune,transferable,0,,approved,2025-01-07T00:00:00Z
200433,trim,transferable,0,,approved,2025-01-07T00:00:00Z
200434,mow,transferable,0,,approved,2025-01-07T00:00:00Z
200435,edge,transferable,0,,approved,2025-01-07T00:00:00Z
200436,weed,transferable,0,,approved,2025-01-07T00:00:00Z
200437,mulch,transferable,0,,approved,2025-01-07T00:00:00Z
200438,fertilize,transferable,0,,approved,2025-01-07T00:00:00Z
200439,irrigate,transferable,0,,approved,2025-01-07T00:00:00Z
200440,harvest,transferable,0,,approved,2025-01-07T00:00:00Z
200441,forage,transferable,0,,approved,2025-01-07T00:00:00Z
200442,hunt,transferable,0,,approved,2025-01-07T00:00:00Z
200443,fish,transferable,0,,approved,2025-01-07T00:00:00Z
200444,trap,transferable,0,,approved,2025-01-07T00:00:00Z
200445,raise animals,transferable,0,,approved,2025-01-07T00:00:00Z
200446,breed,transferable,0,,approved,2025-01-07T00:00:00Z
200447,train animals,transferable,0,,approved,2025-01-07T00:00:00Z
200448,groom animals,transferable,0,,approved,2025-01-07T00:00:00Z
200449,veterinary care,transferable,0,,approved,2025-01-07T00:00:00Z
200450,clean,transferable,0,,approved,2025-01-07T00:00:00Z
200451,sanitize,transferable,0,,approved,2025-01-07T00:00:00Z
200452,sterilize,transferable,0,,approved,2025-01-07T00:00:00Z
200453,disinfect,transferable,0,,approved,2025-01-07T00:00:00Z
200454,launder,transferable,0,,approved,2025-01-07T00:00:00Z
200455,iron,transferable,0,,approved,2025-01-07T00:00:00Z
200456,press,transferable,0,,approved,2025-01-07T00:00:00Z
200457,mend,transferable,0,,approved,2025-01-07T00:00:00Z
200458,sew,transferable,0,,approved,2025-01-07T00:00:00Z
200459,stitch,transferable,0,,approved,2025-01-07T00:00:00Z
200460,embroider,transferable,0,,approved,2025-01-07T00:00:00Z
200461,knit,transferable,0,,approved,2025-01-07T00:00:00Z
200462,crochet,transferable,0,,approved,2025-01-07T00:00:00Z
200463,weave,transferable,0,,approved,2025-01-07T00:00:00Z
200464,dye,transferable,0,,approved,2025-01-07T00:00:00Z
200465,pattern,transferable,0,,approved,2025-01-07T00:00:00Z
200466,tailor,transferable,0,,approved,2025-01-07T00:00:00Z
200467,alter,transferable,0,,approved,2025-01-07T00:00:00Z
200468,fit,transferable,0,,approved,2025-01-07T00:00:00Z
200469,drape,transferable,0,,approved,2025-01-07T00:00:00Z
200470,style,transferable,0,,approved,2025-01-07T00:00:00Z
200471,accessorize,transferable,0,,approved,2025-01-07T00:00:00Z
200472,costume,transferable,0,,approved,2025-01-07T00:00:00Z
200473,apply makeup,transferable,0,,approved,2025-01-07T00:00:00Z
200474,style hair,transferable,0,,approved,2025-01-07T00:00:00Z
200475,cut hair,transferable,0,,approved,2025-01-07T00:00:00Z
200476,color hair,transferable,0,,approved,2025-01-07T00:00:00Z
200477,manicure,transferable,0,,approved,2025-01-07T00:00:00Z
200478,massage,transferable,0,,approved,2025-01-07T00:00:00Z
200479,stretch,transferable,0,,approved,2025-01-07T00:00:00Z
200480,exercise,transferable,0,,approved,2025-01-07T00:00:00Z
200481,train physically,transferable,0,,approved,2025-01-07T00:00:00Z
200482,condition,transferable,0,,approved,2025-01-07T00:00:00Z
200483,spot,transferable,0,,approved,2025-01-07T00:00:00Z
200484,referee,transferable,0,,approved,2025-01-07T00:00:00Z
200485,umpire,transferable,0,,approved,2025-01-07T00:00:00Z
200486,score,transferable,0,,approved,2025-01-07T00:00:00Z
200487,time,transferable,0,,approved,2025-01-07T00:00:00Z
200488,clock,transferable,0,,approved,2025-01-07T00:00:00Z
200489,strategize,transferable,0,,approved,2025-01-07T00:00:00Z
200490,game plan,transferable,0,,approved,2025-01-07T00:00:00Z
200491,scout,transferable,0,,approved,2025-01-07T00:00:00Z
200492,draft players,transferable,0,,approved,2025-01-07T00:00:00Z
200493,manage roster,transferable,0,,approved,2025-01-07T00:00:00Z
200494,accurate,self_management,0,,approved,2025-01-07T00:00:00Z
200495,achievement oriented,self_management,0,,approved,2025-01-07T00:00:00Z
200496,adaptable,self_management,0,,approved,2025-01-07T00:00:00Z
200497,adept,self_management,0,,approved,2025-01-07T00:00:00Z
200498,adventurous,self_management,0,,approved,2025-01-07T00:00:00Z
200499,alert,self_management,0,,approved,2025-01-07T00:00:00Z
200500,appreciative,self_management,0,,approved,2025-01-07T00:00:00Z
200501,assertive,self_management,0,,approved,2025-01-07T00:00:00Z
200502,astute,self_management,0,,approved,2025-01-07T00:00:00Z
200503,authoritative,self_management,0,,approved,2025-01-07T00:00:00Z
200504,calm,self_management,0,,approved,2025-01-07T00:00:00Z
200505,cautious,self_management,0,,approved,2025-01-07T00:00:00Z
200506,charismatic,self_management,0,,approved,2025-01-07T00:00:00Z
200507,competent,self_management,0,,approved,2025-01-07T00:00:00Z
200508,consistent,self_management,0,,approved,2025-01-07T00:00:00Z
200509,contagiously enthusiastic,self_management,0,,approved,2025-01-07T00:00:00Z
200510,cooperative,self_management,0,,approved,2025-01-07T00:00:00Z
200511,courageous,self_management,0,,approved,2025-01-07T00:00:00Z
200512,creative,self_management,0,,approved,2025-01-07T00:00:00Z
200513,decisive,self_management,0,,approved,2025-01-07T00:00:00Z
200514,deliberate,self_management,0,,approved,2025-01-07T00:00:00Z
200515,dependable,self_management,0,,approved,2025-01-07T00:00:00Z
200516,diligent,self_management,0,,approved,2025-01-07T00:00:00Z
200517,diplomatic,self_management,0,,approved,2025-01-07T00:00:00Z
200518,discreet,self_management,0,,approved,2025-01-07T00:00:00Z
200519,driven,self_management,0,,approved,2025-01-07T00:00:00Z
200520,dynamic,self_management,0,,approved,2025-01-07T00:00:00Z
200521,effective,self_management,0,,approved,2025-01-07T00:00:00Z
200522,efficient,self_management,0,,approved,2025-01-07T00:00:00Z
200523,empathetic,self_management,0,,approved,2025-01-07T00:00:00Z
200524,energetic,self_management,0,,approved,2025-01-07T00:00:00Z
200525,enthusiastic,self_management,0,,approved,2025-01-07T00:00:00Z
200526,exceptional,self_management,0,,approved,2025-01-07T00:00:00Z
200527,exhaustive,self_management,0,,approved,2025-01-07T00:00:00Z
200528,experienced,self_management,0,,approved,2025-01-07T00:00:00Z
200529,expert,self_management,0,,approved,2025-01-07T00:00:00Z
200530,economical,self_management,0,,approved,2025-01-07T00:00:00Z
200531,firm,self_management,0,,approved,2025-01-07T00:00:00Z
200532,flexible,self_management,0,,approved,2025-01-07T00:00:00Z
200533,human-oriented,self_management,0,,approved,2025-01-07T00:00:00Z
200534,impulsive,self_management,0,,approved,2025-01-07T00:00:00Z
200535,independent,self_management,0,,approved,2025-01-07T00:00:00Z
200536,innovative,self_management,0,,approved,2025-01-07T00:00:00Z
200537,knowledgeable,self_management,0,,approved,2025-01-07T00:00:00Z
200538,loyal,self_management,0,,approved,2025-01-07T00:00:00Z
200539,methodical,self_management,0,,approved,2025-01-07T00:00:00Z
200540,objective,self_management,0,,approved,2025-01-07T00:00:00Z
200541,open-minded,self_management,0,,approved,2025-01-07T00:00:00Z
200542,outgoing,self_management,0,,approved,2025-01-07T00:00:00Z
200543,outstanding,self_management,0,,approved,2025-01-07T00:00:00Z
200544,patient,self_management,0,,approved,2025-01-07T00:00:00Z
200545,penetrating,self_management,0,,approved,2025-01-07T00:00:00Z
200546,perceptive,self_management,0,,approved,2025-01-07T00:00:00Z
200547,pioneering,self_management,0,,approved,2025-01-07T00:00:00Z
200548,practical,self_management,0,,approved,2025-01-07T00:00:00Z
200549,professional,self_management,0,,approved,2025-01-07T00:00:00Z
200550,provocative,self_management,0,,approved,2025-01-07T00:00:00Z
200551,punctual,self_management,0,,approved,2025-01-07T00:00:00Z
200552,quick,self_management,0,,approved,2025-01-07T00:00:00Z
200553,rational,self_management,0,,approved,2025-01-07T00:00:00Z
200554,realistic,self_management,0,,approved,2025-01-07T00:00:00Z
200555,reliable,self_management,0,,approved,2025-01-07T00:00:00Z
200556,resourceful,self_management,0,,approved,2025-01-07T00:00:00Z
200557,responsible,self_management,0,,approved,2025-01-07T00:00:00Z
200558,responsive,self_management,0,,approved,2025-01-07T00:00:00Z
200559,safeguarding,self_management,0,,approved,2025-01-07T00:00:00Z
200560,self-motivated,self_management,0,,approved,2025-01-07T00:00:00Z
200561,self-reliant,self_management,0,,approved,2025-01-07T00:00:00Z
200562,sensitive,self_management,0,,approved,2025-01-07T00:00:00Z
200563,sophisticated,self_management,0,,approved,2025-01-07T00:00:00Z
200564,strong,self_management,0,,approved,2025-01-07T00:00:00Z
200565,supportive,self_management,0,,approved,2025-01-07T00:00:00Z
200566,tactful,self_management,0,,approved,2025-01-07T00:00:00Z
200567,thorough,self_management,0,,approved,2025-01-07T00:00:00Z
200568,unique,self_management,0,,approved,2025-01-07T00:00:00Z
200569,unusual,self_management,0,,approved,2025-01-07T00:00:00Z
200570,versatile,self_management,0,,approved,2025-01-07T00:00:00Z
200571,vigorous,self_management,0,,approved,2025-01-07T00:00:00Z
200572,analytical,self_management,0,,approved,2025-01-07T00:00:00Z
200573,articulate,self_management,0,,approved,2025-01-07T00:00:00Z
200574,attentive,self_management,0,,approved,2025-01-07T00:00:00Z
200575,balanced,self_management,0,,approved,2025-01-07T00:00:00Z
200576,bold,self_management,0,,approved,2025-01-07T00:00:00Z
200577,candid,self_management,0,,approved,2025-01-07T00:00:00Z
200578,careful,self_management,0,,approved,2025-01-07T00:00:00Z
200579,caring,self_management,0,,approved,2025-01-07T00:00:00Z
200580,cheerful,self_management,0,,approved,2025-01-07T00:00:00Z
200581,collaborative,self_management,0,,approved,2025-01-07T00:00:00Z
200582,committed,self_management,0,,approved,2025-01-07T00:00:00Z
200583,communicative,self_management,0,,approved,2025-01-07T00:00:00Z
200584,compassionate,self_management,0,,approved,2025-01-07T00:00:00Z
200585,composed,self_management,0,,approved,2025-01-07T00:00:00Z
200586,confident,self_management,0,,approved,2025-01-07T00:00:00Z
200587,conscientious,self_management,0,,approved,2025-01-07T00:00:00Z
200588,considerate,self_management,0,,approved,2025-01-07T00:00:00Z
200589,constructive,self_management,0,,approved,2025-01-07T00:00:00Z
200590,contemplative,self_management,0,,approved,2025-01-07T00:00:00Z
200591,curious,self_management,0,,approved,2025-01-07T00:00:00Z
200592,dedicated,self_management,0,,approved,2025-01-07T00:00:00Z
200593,detail-oriented,self_management,0,,approved,2025-01-07T00:00:00Z
200594,determined,self_management,0,,approved,2025-01-07T00:00:00Z
200595,disciplined,self_management,0,,approved,2025-01-07T00:00:00Z
200596,easygoing,self_management,0,,approved,2025-01-07T00:00:00Z
200597,eloquent,self_management,0,,approved,2025-01-07T00:00:00Z
200598,encouraging,self_management,0,,approved,2025-01-07T00:00:00Z
200599,ethical,self_management,0,,approved,2025-01-07T00:00:00Z
200600,exacting,self_management,0,,approved,2025-01-07T00:00:00Z
200601,fair,self_management,0,,approved,2025-01-07T00:00:00Z
200602,focused,self_management,0,,approved,2025-01-07T00:00:00Z
200603,forgiving,self_management,0,,approved,2025-01-07T00:00:00Z
200604,forthright,self_management,0,,approved,2025-01-07T00:00:00Z
200605,friendly,self_management,0,,approved,2025-01-07T00:00:00Z
200606,frugal,self_management,0,,approved,2025-01-07T00:00:00Z
200607,generous,self_management,0,,approved,2025-01-07T00:00:00Z
200608,genuine,self_management,0,,approved,2025-01-07T00:00:00Z
200609,graceful,self_management,0,,approved,2025-01-07T00:00:00Z
200610,gracious,self_management,0,,approved,2025-01-07T00:00:00Z
200611,grounded,self_management,0,,approved,2025-01-07T00:00:00Z
200612,hardworking,self_management,0,,approved,2025-01-07T00:00:00Z
200613,helpful,self_management,0,,approved,2025-01-07T00:00:00Z
200614,honest,self_management,0,,approved,2025-01-07T00:00:00Z
200615,humble,self_management,0,,approved,2025-01-07T00:00:00Z
200616,humorous,self_management,0,,approved,2025-01-07T00:00:00Z
200617,idealistic,self_management,0,,approved,2025-01-07T00:00:00Z
200618,imaginative,self_management,0,,approved,2025-01-07T00:00:00Z
200619,impartial,self_management,0,,approved,2025-01-07T00:00:00Z
200620,industrious,self_management,0,,approved,2025-01-07T00:00:00Z
200621,insightful,self_management,0,,approved,2025-01-07T00:00:00Z
200622,inspiring,self_management,0,,approved,2025-01-07T00:00:00Z
200623,intuitive,self_management,0,,approved,2025-01-07T00:00:00Z
200624,kind,self_management,0,,approved,2025-01-07T00:00:00Z
200625,levelheaded,self_management,0,,approved,2025-01-07T00:00:00Z
200626,logical,self_management,0,,approved,2025-01-07T00:00:00Z
200627,mature,self_management,0,,approved,2025-01-07T00:00:00Z
200628,meticulous,self_management,0,,approved,2025-01-07T00:00:00Z
200629,mindful,self_management,0,,approved,2025-01-07T00:00:00Z
200630,modest,self_management,0,,approved,2025-01-07T00:00:00Z
200631,motivated,self_management,0,,approved,2025-01-07T00:00:00Z
200632,observant,self_management,0,,approved,2025-01-07T00:00:00Z
200633,optimistic,self_management,0,,approved,2025-01-07T00:00:00Z
200634,organized,self_management,0,,approved,2025-01-07T00:00:00Z
200635,original,self_management,0,,approved,2025-01-07T00:00:00Z
200636,passionate,self_management,0,,approved,2025-01-07T00:00:00Z
200637,persevering,self_management,0,,approved,2025-01-07T00:00:00Z
200638,persistent,self_management,0,,approved,2025-01-07T00:00:00Z
200639,personable,self_management,0,,approved,2025-01-07T00:00:00Z
200640,persuasive,self_management,0,,approved,2025-01-07T00:00:00Z
200641,poised,self_management,0,,approved,2025-01-07T00:00:00Z
200642,polished,self_management,0,,approved,2025-01-07T00:00:00Z
200643,positive,self_management,0,,approved,2025-01-07T00:00:00Z
200644,precise,self_management,0,,approved,2025-01-07T00:00:00Z
200645,principled,self_management,0,,approved,2025-01-07T00:00:00Z
200646,proactive,self_management,0,,approved,2025-01-07T00:00:00Z
200647,productive,self_management,0,,approved,2025-01-07T00:00:00Z
200648,prudent,self_management,0,,approved,2025-01-07T00:00:00Z
200649,purposeful,self_management,0,,approved,2025-01-07T00:00:00Z
200650,quick-thinking,self_management,0,,approved,2025-01-07T00:00:00Z
200651,receptive,self_management,0,,approved,2025-01-07T00:00:00Z
200652,reflective,self_management,0,,approved,2025-01-07T00:00:00Z
200653,relaxed,self_management,0,,approved,2025-01-07T00:00:00Z
200654,resilient,self_management,0,,approved,2025-01-07T00:00:00Z
200655,respectful,self_management,0,,approved,2025-01-07T00:00:00Z
200656,results-oriented,self_management,0,,approved,2025-01-07T00:00:00Z
200657,risk-taking,self_management,0,,approved,2025-01-07T00:00:00Z
200658,self-aware,self_management,0,,approved,2025-01-07T00:00:00Z
200659,self-disciplined,self_management,0,,approved,2025-01-07T00:00:00Z
200660,selfless,self_management,0,,approved,2025-01-07T00:00:00Z
200661,sincere,self_management,0,,approved,2025-01-07T00:00:00Z
200662,sociable,self_management,0,,approved,2025-01-07T00:00:00Z
200663,solution-oriented,self_management,0,,approved,2025-01-07T00:00:00Z
200664,spontaneous,self_management,0,,approved,2025-01-07T00:00:00Z
200665,stable,self_management,0,,approved,2025-01-07T00:00:00Z
200666,steadfast,self_management,0,,approved,2025-01-07T00:00:00Z
200667,strategic,self_management,0,,approved,2025-01-07T00:00:00Z
200668,systematic,self_management,0,,approved,2025-01-07T00:00:00Z
200669,team-oriented,self_management,0,,approved,2025-01-07T00:00:00Z
200670,tenacious,self_management,0,,approved,2025-01-07T00:00:00Z
200671,thoughtful,self_management,0,,approved,2025-01-07T00:00:00Z
200672,tolerant,self_management,0,,approved,2025-01-07T00:00:00Z
200673,transparent,self_management,0,,approved,2025-01-07T00:00:00Z
200674,trustworthy,self_management,0,,approved,2025-01-07T00:00:00Z
200675,understanding,self_management,0,,approved,2025-01-07T00:00:00Z
200676,unflappable,self_management,0,,approved,2025-01-07T00:00:00Z
200677,visionary,self_management,0,,approved,2025-01-07T00:00:00Z
200678,warm,self_management,0,,approved,2025-01-07T00:00:00Z
200679,well-organized,self_management,0,,approved,2025-01-07T00:00:00Z
200680,willing,self_management,0,,approved,2025-01-07T00:00:00Z
200681,wise,self_management,0,,approved,2025-01-07T00:00:00Z
200682,witty,self_management,0,,approved,2025-01-07T00:00:00Z
200683,zealous,self_management,0,,approved,2025-01-07T00:00:00Z
300000,accounting,knowledge,0,,approved,2025-01-07T00:00:00Z
300001,finance,knowledge,0,,approved,2025-01-07T00:00:00Z
300002,bookkeeping,knowledge,0,,approved,2025-01-07T00:00:00Z
300003,tax preparation,knowledge,0,,approved,2025-01-07T00:00:00Z
300004,auditing,knowledge,0,,approved,2025-01-07T00:00:00Z
300005,payroll,knowledge,0,,approved,2025-01-07T00:00:00Z
300006,budgeting,knowledge,0,,approved,2025-01-07T00:00:00Z
300007,financial analysis,knowledge,0,,approved,2025-01-07T00:00:00Z
300008,investment management,knowledge,0,,approved,2025-01-07T00:00:00Z
300009,portfolio management,knowledge,0,,approved,2025-01-07T00:00:00Z
300010,risk management,knowledge,0,,approved,2025-01-07T00:00:00Z
300011,insurance,knowledge,0,,approved,2025-01-07T00:00:00Z
300012,banking,knowledge,0,,approved,2025-01-07T00:00:00Z
300013,lending,knowledge,0,,approved,2025-01-07T00:00:00Z
300014,credit analysis,knowledge,0,,approved,2025-01-07T00:00:00Z
300015,economics,knowledge,0,,approved,2025-01-07T00:00:00Z
300016,econometrics,knowledge,0,,approved,2025-01-07T00:00:00Z
300017,statistics,knowledge,0,,approved,2025-01-07T00:00:00Z
300018,data analysis,knowledge,0,,approved,2025-01-07T00:00:00Z
300019,data science,knowledge,0,,approved,2025-01-07T00:00:00Z
300020,machine learning,knowledge,0,,approved,2025-01-07T00:00:00Z
300021,artificial intelligence,knowledge,0,,approved,2025-01-07T00:00:00Z
300022,deep learning,knowledge,0,,approved,2025-01-07T00:00:00Z
300023,natural language processing,knowledge,0,,approved,2025-01-07T00:00:00Z
300024,computer vision,knowledge,0,,approved,2025-01-07T00:00:00Z
300025,robotics,knowledge,0,,approved,2025-01-07T00:00:00Z
300026,automation,knowledge,0,,approved,2025-01-07T00:00:00Z
300027,programming,knowledge,0,,approved,2025-01-07T00:00:00Z
300028,software development,knowledge,0,,approved,2025-01-07T00:00:00Z
300029,web development,knowledge,0,,approved,2025-01-07T00:00:00Z
300030,mobile development,knowledge,0,,approved,2025-01-07T00:00:00Z
300031,frontend development,knowledge,0,,approved,2025-01-07T00:00:00Z
300032,backend development,knowledge,0,,approved,2025-01-07T00:00:00Z
300033,full stack development,knowledge,0,,approved,2025-01-07T00:00:00Z
300034,database administration,knowledge,0,,approved,2025-01-07T00:00:00Z
300035,system administration,knowledge,0,,approved,2025-01-07T00:00:00Z
300036,network administration,knowledge,0,,approved,2025-01-07T00:00:00Z
300037,cloud computing,knowledge,0,,approved,2025-01-07T00:00:00Z
300038,cybersecurity,knowledge,0,,approved,2025-01-07T00:00:00Z
300039,information security,knowledge,0,,approved,2025-01-07T00:00:00Z
300040,penetration testing,knowledge,0,,approved,2025-01-07T00:00:00Z
300041,cryptography,knowledge,0,,approved,2025-01-07T00:00:00Z
300042,blockchain,knowledge,0,,approved,2025-01-07T00:00:00Z
300043,DevOps,knowledge,0,,approved,2025-01-07T00:00:00Z
300044,site reliability engineering,knowledge,0,,approved,2025-01-07T00:00:00Z
300045,quality assurance,knowledge,0,,approved,2025-01-07T00:00:00Z
300046,software testing,knowledge,0,,approved,2025-01-07T00:00:00Z
300047,agile methodology,knowledge,0,,approved,2025-01-07T00:00:00Z
300048,scrum,knowledge,0,,approved,2025-01-07T00:00:00Z
300049,project management,knowledge,0,,approved,2025-01-07T00:00:00Z
300050,product management,knowledge,0,,approved,2025-01-07T00:00:00Z
300051,program management,knowledge,0,,approved,2025-01-07T00:00:00Z
300052,operations management,knowledge,0,,approved,2025-01-07T00:00:00Z
300053,supply chain management,knowledge,0,,approved,2025-01-07T00:00:00Z
300054,logistics,knowledge,0,,approved,2025-01-07T00:00:00Z
300055,procurement,knowledge,0,,approved,2025-01-07T00:00:00Z
300056,inventory management,knowledge,0,,approved,2025-01-07T00:00:00Z
300057,warehouse management,knowledge,0,,approved,2025-01-07T00:00:00Z
300058,distribution,knowledge,0,,approved,2025-01-07T00:00:00Z
300059,manufacturing,knowledge,0,,approved,2025-01-07T00:00:00Z
300060,lean manufacturing,knowledge,0,,approved,2025-01-07T00:00:00Z
300061,Six Sigma,knowledge,0,,approved,2025-01-07T00:00:00Z
300062,process improvement,knowledge,0,,approved,2025-01-07T00:00:00Z
300063,quality control,knowledge,0,,approved,2025-01-07T00:00:00Z
300064,industrial engineering,knowledge,0,,approved,2025-01-07T00:00:00Z
300065,mechanical engineering,knowledge,0,,approved,2025-01-07T00:00:00Z
300066,electrical engineering,knowledge,0,,approved,2025-01-07T00:00:00Z
300067,civil engineering,knowledge,0,,approved,2025-01-07T00:00:00Z
300068,structural engineering,knowledge,0,,approved,2025-01-07T00:00:00Z
300069,chemical engineering,knowledge,0,,approved,2025-01-07T00:00:00Z
300070,biomedical engineering,knowledge,0,,approved,2025-01-07T00:00:00Z
300071,aerospace engineering,knowledge,0,,approved,2025-01-07T00:00:00Z
300072,environmental engineering,knowledge,0,,approved,2025-01-07T00:00:00Z
300073,materials science,knowledge,0,,approved,2025-01-07T00:00:00Z
300074,nanotechnology,knowledge,0,,approved,2025-01-07T00:00:00Z
300075,physics,knowledge,0,,approved,2025-01-07T00:00:00Z
300076,chemistry,knowledge,0,,approved,2025-01-07T00:00:00Z
300077,organic chemistry,knowledge,0,,approved,2025-01-07T00:00:00Z
300078,biochemistry,knowledge,0,,approved,2025-01-07T00:00:00Z
300079,biology,knowledge,0,,approved,2025-01-07T00:00:00Z
300080,microbiology,knowledge,0,,approved,2025-01-07T00:00:00Z
300081,molecular biology,knowledge,0,,approved,2025-01-07T00:00:00Z
300082,genetics,knowledge,0,,approved,2025-01-07T00:00:00Z
300083,genomics,knowledge,0,,approved,2025-01-07T00:00:00Z
300084,biotechnology,knowledge,0,,approved,2025-01-07T00:00:00Z
300085,pharmacology,knowledge,0,,approved,2025-01-07T00:00:00Z
300086,toxicology,knowledge,0,,approved,2025-01-07T00:00:00Z
300087,epidemiology,knowledge,0,,approved,2025-01-07T00:00:00Z
300088,public health,knowledge,0,,approved,2025-01-07T00:00:00Z
300089,healthcare administration,knowledge,0,,approved,2025-01-07T00:00:00Z
300090,health informatics,knowledge,0,,approved,2025-01-07T00:00:00Z
300091,medical coding,knowledge,0,,approved,2025-01-07T00:00:00Z
300092,medical billing,knowledge,0,,approved,2025-01-07T00:00:00Z
300093,clinical research,knowledge,0,,approved,2025-01-07T00:00:00Z
300094,pharmaceutical sciences,knowledge,0,,approved,2025-01-07T00:00:00Z
300095,nursing,knowledge,0,,approved,2025-01-07T00:00:00Z
300096,patient care,knowledge,0,,approved,2025-01-07T00:00:00Z
300097,emergency medicine,knowledge,0,,approved,2025-01-07T00:00:00Z
300098,surgery,knowledge,0,,approved,2025-01-07T00:00:00Z
300099,anesthesiology,knowledge,0,,approved,2025-01-07T00:00:00Z
300100,radiology,knowledge,0,,approved,2025-01-07T00:00:00Z
300101,pathology,knowledge,0,,approved,2025-01-07T00:00:00Z
300102,cardiology,knowledge,0,,approved,2025-01-07T00:00:00Z
300103,neurology,knowledge,0,,approved,2025-01-07T00:00:00Z
300104,oncology,knowledge,0,,approved,2025-01-07T00:00:00Z
300105,pediatrics,knowledge,0,,approved,2025-01-07T00:00:00Z
300106,geriatrics,knowledge,0,,approved,2025-01-07T00:00:00Z
300107,psychiatry,knowledge,0,,approved,2025-01-07T00:00:00Z
300108,psychology,knowledge,0,,approved,2025-01-07T00:00:00Z
300109,clinical psychology,knowledge,0,,approved,2025-01-07T00:00:00Z
300110,counseling,knowledge,0,,approved,2025-01-07T00:00:00Z
300111,therapy,knowledge,0,,approved,2025-01-07T00:00:00Z
300112,social work,knowledge,0,,approved,2025-01-07T00:00:00Z
300113,case management,knowledge,0,,approved,2025-01-07T00:00:00Z
300114,behavioral health,knowledge,0,,approved,2025-01-07T00:00:00Z
300115,addiction treatment,knowledge,0,,approved,2025-01-07T00:00:00Z
300116,rehabilitation,knowledge,0,,approved,2025-01-07T00:00:00Z
300117,occupational therapy,knowledge,0,,approved,2025-01-07T00:00:00Z
300118,physical therapy,knowledge,0,,approved,2025-01-07T00:00:00Z
300119,speech therapy,knowledge,0,,approved,2025-01-07T00:00:00Z
300120,nutrition,knowledge,0,,approved,2025-01-07T00:00:00Z
300121,dietetics,knowledge,0,,approved,2025-01-07T00:00:00Z
300122,fitness training,knowledge,0,,approved,2025-01-07T00:00:00Z
300123,sports medicine,knowledge,0,,approved,2025-01-07T00:00:00Z
300124,kinesiology,knowledge,0,,approved,2025-01-07T00:00:00Z
300125,anatomy,knowledge,0,,approved,2025-01-07T00:00:00Z
300126,physiology,knowledge,0,,approved,2025-01-07T00:00:00Z
300127,veterinary medicine,knowledge,0,,approved,2025-01-07T00:00:00Z
300128,animal science,knowledge,0,,approved,2025-01-07T00:00:00Z
300129,agriculture,knowledge,0,,approved,2025-01-07T00:00:00Z
300130,agronomy,knowledge,0,,approved,2025-01-07T00:00:00Z
300131,horticulture,knowledge,0,,approved,2025-01-07T00:00:00Z
300132,forestry,knowledge,0,,approved,2025-01-07T00:00:00Z
300133,environmental science,knowledge,0,,approved,2025-01-07T00:00:00Z
300134,ecology,knowledge,0,,approved,2025-01-07T00:00:00Z
300135,conservation,knowledge,0,,approved,2025-01-07T00:00:00Z
300136,sustainability,knowledge,0,,approved,2025-01-07T00:00:00Z
300137,renewable energy,knowledge,0,,approved,2025-01-07T00:00:00Z
300138,solar energy,knowledge,0,,approved,2025-01-07T00:00:00Z
300139,wind energy,knowledge,0,,approved,2025-01-07T00:00:00Z
300140,energy management,knowledge,0,,approved,2025-01-07T00:00:00Z
300141,geology,knowledge,0,,approved,2025-01-07T00:00:00Z
300142,oceanography,knowledge,0,,approved,2025-01-07T00:00:00Z
300143,meteorology,knowledge,0,,approved,2025-01-07T00:00:00Z
300144,climatology,knowledge,0,,approved,2025-01-07T00:00:00Z
300145,geography,knowledge,0,,approved,2025-01-07T00:00:00Z
300146,cartography,knowledge,0,,approved,2025-01-07T00:00:00Z
300147,GIS,knowledge,0,,approved,2025-01-07T00:00:00Z
300148,urban planning,knowledge,0,,approved,2025-01-07T00:00:00Z
300149,architecture,knowledge,0,,approved,2025-01-07T00:00:00Z
300150,interior design,knowledge,0,,approved,2025-01-07T00:00:00Z
300151,landscape architecture,knowledge,0,,approved,2025-01-07T00:00:00Z
300152,construction management,knowledge,0,,approved,2025-01-07T00:00:00Z
300153,real estate,knowledge,0,,approved,2025-01-07T00:00:00Z
300154,property management,knowledge,0,,approved,2025-01-07T00:00:00Z
300155,facilities management,knowledge,0,,approved,2025-01-07T00:00:00Z
300156,HVAC,knowledge,0,,approved,2025-01-07T00:00:00Z
300157,plumbing,knowledge,0,,approved,2025-01-07T00:00:00Z
300158,electrical systems,knowledge,0,,approved,2025-01-07T00:00:00Z
300159,carpentry,knowledge,0,,approved,2025-01-07T00:00:00Z
300160,masonry,knowledge,0,,approved,2025-01-07T00:00:00Z
300161,welding,knowledge,0,,approved,2025-01-07T00:00:00Z
300162,machining,knowledge,0,,approved,2025-01-07T00:00:00Z
300163,CNC operation,knowledge,0,,approved,2025-01-07T00:00:00Z
300164,3D printing,knowledge,0,,approved,2025-01-07T00:00:00Z
300165,CAD,knowledge,0,,approved,2025-01-07T00:00:00Z
300166,CAM,knowledge,0,,approved,2025-01-07T00:00:00Z
300167,BIM,knowledge,0,,approved,2025-01-07T00:00:00Z
300168,technical drawing,knowledge,0,,approved,2025-01-07T00:00:00Z
300169,law,knowledge,0,,approved,2025-01-07T00:00:00Z
300170,corporate law,knowledge,0,,approved,2025-01-07T00:00:00Z
300171,contract law,knowledge,0,,approved,2025-01-07T00:00:00Z
300172,intellectual property,knowledge,0,,approved,2025-01-07T00:00:00Z
300173,patent law,knowledge,0,,approved,2025-01-07T00:00:00Z
300174,trademark law,knowledge,0,,approved,2025-01-07T00:00:00Z
300175,employment law,knowledge,0,,approved,2025-01-07T00:00:00Z
300176,labor relations,knowledge,0,,approved,2025-01-07T00:00:00Z
300177,immigration law,knowledge,0,,approved,2025-01-07T00:00:00Z
300178,tax law,knowledge,0,,approved,2025-01-07T00:00:00Z
300179,criminal law,knowledge,0,,approved,2025-01-07T00:00:00Z
300180,civil litigation,knowledge,0,,approved,2025-01-07T00:00:00Z
300181,family law,knowledge,0,,approved,2025-01-07T00:00:00Z
300182,estate planning,knowledge,0,,approved,2025-01-07T00:00:00Z
300183,real estate law,knowledge,0,,approved,2025-01-07T00:00:00Z
300184,environmental law,knowledge,0,,approved,2025-01-07T00:00:00Z
300185,regulatory compliance,knowledge,0,,approved,2025-01-07T00:00:00Z
300186,legal research,knowledge,0,,approved,2025-01-07T00:00:00Z
300187,paralegal studies,knowledge,0,,approved,2025-01-07T00:00:00Z
300188,court procedures,knowledge,0,,approved,2025-01-07T00:00:00Z
300189,mediation,knowledge,0,,approved,2025-01-07T00:00:00Z
300190,arbitration,knowledge,0,,approved,2025-01-07T00:00:00Z
300191,human resources,knowledge,0,,approved,2025-01-07T00:00:00Z
300192,talent acquisition,knowledge,0,,approved,2025-01-07T00:00:00Z
300193,recruiting,knowledge,0,,approved,2025-01-07T00:00:00Z
300194,employee relations,knowledge,0,,approved,2025-01-07T00:00:00Z
300195,compensation and benefits,knowledge,0,,approved,2025-01-07T00:00:00Z
300196,performance management,knowledge,0,,approved,2025-01-07T00:00:00Z
300197,learning and development,knowledge,0,,approved,2025-01-07T00:00:00Z
300198,organizational development,knowledge,0,,approved,2025-01-07T00:00:00Z
300199,change management,knowledge,0,,approved,2025-01-07T00:00:00Z
300200,leadership development,knowledge,0,,approved,2025-01-07T00:00:00Z
300201,executive coaching,knowledge,0,,approved,2025-01-07T00:00:00Z
300202,team building,knowledge,0,,approved,2025-01-07T00:00:00Z
300203,conflict resolution,knowledge,0,,approved,2025-01-07T00:00:00Z
300204,diversity and inclusion,knowledge,0,,approved,2025-01-07T00:00:00Z
300205,workplace safety,knowledge,0,,approved,2025-01-07T00:00:00Z
300206,OSHA regulations,knowledge,0,,approved,2025-01-07T00:00:00Z
300207,ergonomics,knowledge,0,,approved,2025-01-07T00:00:00Z
300208,marketing,knowledge,0,,approved,2025-01-07T00:00:00Z
300209,digital marketing,knowledge,0,,approved,2025-01-07T00:00:00Z
300210,content marketing,knowledge,0,,approved,2025-01-07T00:00:00Z
300211,social media marketing,knowledge,0,,approved,2025-01-07T00:00:00Z
300212,email marketing,knowledge,0,,approved,2025-01-07T00:00:00Z
300213,SEO,knowledge,0,,approved,2025-01-07T00:00:00Z
300214,SEM,knowledge,0,,approved,2025-01-07T00:00:00Z
300215,PPC advertising,knowledge,0,,approved,2025-01-07T00:00:00Z
300216,display advertising,knowledge,0,,approved,2025-01-07T00:00:00Z
300217,affiliate marketing,knowledge,0,,approved,2025-01-07T00:00:00Z
300218,influencer marketing,knowledge,0,,approved,2025-01-07T00:00:00Z
300219,brand management,knowledge,0,,approved,2025-01-07T00:00:00Z
300220,brand strategy,knowledge,0,,approved,2025-01-07T00:00:00Z
300221,market research,knowledge,0,,approved,2025-01-07T00:00:00Z
300222,consumer insights,knowledge,0,,approved,2025-01-07T00:00:00Z
300223,competitive analysis,knowledge,0,,approved,2025-01-07T00:00:00Z
300224,pricing strategy,knowledge,0,,approved,2025-01-07T00:00:00Z
300225,product marketing,knowledge,0,,approved,2025-01-07T00:00:00Z
300226,go-to-market strategy,knowledge,0,,approved,2025-01-07T00:00:00Z
300227,public relations,knowledge,0,,approved,2025-01-07T00:00:00Z
300228,media relations,knowledge,0,,approved,2025-01-07T00:00:00Z
300229,crisis communications,knowledge,0,,approved,2025-01-07T00:00:00Z
300230,corporate communications,knowledge,0,,approved,2025-01-07T00:00:00Z
300231,internal communications,knowledge,0,,approved,2025-01-07T00:00:00Z
300232,investor relations,knowledge,0,,approved,2025-01-07T00:00:00Z
300233,event planning,knowledge,0,,approved,2025-01-07T00:00:00Z
300234,conference management,knowledge,0,,approved,2025-01-07T00:00:00Z
300235,trade shows,knowledge,0,,approved,2025-01-07T00:00:00Z
300236,sponsorship,knowledge,0,,approved,2025-01-07T00:00:00Z
300237,sales,knowledge,0,,approved,2025-01-07T00:00:00Z
300238,business development,knowledge,0,,approved,2025-01-07T00:00:00Z
300239,account management,knowledge,0,,approved,2025-01-07T00:00:00Z
300240,customer success,knowledge,0,,approved,2025-01-07T00:00:00Z
300241,customer service,knowledge,0,,approved,2025-01-07T00:00:00Z
300242,customer experience,knowledge,0,,approved,2025-01-07T00:00:00Z
300243,call center operations,knowledge,0,,approved,2025-01-07T00:00:00Z
300244,technical support,knowledge,0,,approved,2025-01-07T00:00:00Z
300245,help desk,knowledge,0,,approved,2025-01-07T00:00:00Z
300246,CRM systems,knowledge,0,,approved,2025-01-07T00:00:00Z
300247,Salesforce,knowledge,0,,approved,2025-01-07T00:00:00Z
300248,HubSpot,knowledge,0,,approved,2025-01-07T00:00:00Z
300249,retail,knowledge,0,,approved,2025-01-07T00:00:00Z
300250,merchandising,knowledge,0,,approved,2025-01-07T00:00:00Z
300251,visual merchandising,knowledge,0,,approved,2025-01-07T00:00:00Z
300252,e-commerce,knowledge,0,,approved,2025-01-07T00:00:00Z
300253,point of sale systems,knowledge,0,,approved,2025-01-07T00:00:00Z
300254,inventory control,knowledge,0,,approved,2025-01-07T00:00:00Z
300255,loss prevention,knowledge,0,,approved,2025-01-07T00:00:00Z
300256,store management,knowledge,0,,approved,2025-01-07T00:00:00Z
300257,hospitality,knowledge,0,,approved,2025-01-07T00:00:00Z
300258,hotel management,knowledge,0,,approved,2025-01-07T00:00:00Z
300259,restaurant management,knowledge,0,,approved,2025-01-07T00:00:00Z
300260,food service,knowledge,0,,approved,2025-01-07T00:00:00Z
300261,culinary arts,knowledge,0,,approved,2025-01-07T00:00:00Z
300262,baking and pastry,knowledge,0,,approved,2025-01-07T00:00:00Z
300263,wine and spirits,knowledge,0,,approved,2025-01-07T00:00:00Z
300264,bartending,knowledge,0,,approved,2025-01-07T00:00:00Z
300265,food safety,knowledge,0,,approved,2025-01-07T00:00:00Z
300266,catering,knowledge,0,,approved,2025-01-07T00:00:00Z
300267,tourism,knowledge,0,,approved,2025-01-07T00:00:00Z
300268,travel planning,knowledge,0,,approved,2025-01-07T00:00:00Z
300269,destination management,knowledge,0,,approved,2025-01-07T00:00:00Z
300270,airline operations,knowledge,0,,approved,2025-01-07T00:00:00Z
300271,cruise operations,knowledge,0,,approved,2025-01-07T00:00:00Z
300272,entertainment,knowledge,0,,approved,2025-01-07T00:00:00Z
300273,film production,knowledge,0,,approved,2025-01-07T00:00:00Z
300274,television production,knowledge,0,,approved,2025-01-07T00:00:00Z
300275,video production,knowledge,0,,approved,2025-01-07T00:00:00Z
300276,audio production,knowledge,0,,approved,2025-01-07T00:00:00Z
300277,music production,knowledge,0,,approved,2025-01-07T00:00:00Z
300278,sound engineering,knowledge,0,,approved,2025-01-07T00:00:00Z
300279,live sound,knowledge,0,,approved,2025-01-07T00:00:00Z
300280,stage management,knowledge,0,,approved,2025-01-07T00:00:00Z
300281,theater production,knowledge,0,,approved,2025-01-07T00:00:00Z
300282,lighting design,knowledge,0,,approved,2025-01-07T00:00:00Z
300283,set design,knowledge,0,,approved,2025-01-07T00:00:00Z
300284,costume design,knowledge,0,,approved,2025-01-07T00:00:00Z
300285,prop design,knowledge,0,,approved,2025-01-07T00:00:00Z
300286,special effects,knowledge,0,,approved,2025-01-07T00:00:00Z
300287,visual effects,knowledge,0,,approved,2025-01-07T00:00:00Z
300288,motion graphics,knowledge,0,,approved,2025-01-07T00:00:00Z
300289,animation,knowledge,0,,approved,2025-01-07T00:00:00Z
300290,3D modeling,knowledge,0,,approved,2025-01-07T00:00:00Z
300291,game design,knowledge,0,,approved,2025-01-07T00:00:00Z
300292,game development,knowledge,0,,approved,2025-01-07T00:00:00Z
300293,UX design,knowledge,0,,approved,2025-01-07T00:00:00Z
300294,UI design,knowledge,0,,approved,2025-01-07T00:00:00Z
300295,interaction design,knowledge,0,,approved,2025-01-07T00:00:00Z
300296,user research,knowledge,0,,approved,2025-01-07T00:00:00Z
300297,usability testing,knowledge,0,,approved,2025-01-07T00:00:00Z
300298,information architecture,knowledge,0,,approved,2025-01-07T00:00:00Z
300299,graphic design,knowledge,0,,approved,2025-01-07T00:00:00Z
300300,typography,knowledge,0,,approved,2025-01-07T00:00:00Z
300301,color theory,knowledge,0,,approved,2025-01-07T00:00:00Z
300302,layout design,knowledge,0,,approved,2025-01-07T00:00:00Z
300303,print design,knowledge,0,,approved,2025-01-07T00:00:00Z
300304,packaging design,knowledge,0,,approved,2025-01-07T00:00:00Z
300305,industrial design,knowledge,0,,approved,2025-01-07T00:00:00Z
300306,product design,knowledge,0,,approved,2025-01-07T00:00:00Z
300307,fashion design,knowledge,0,,approved,2025-01-07T00:00:00Z
300308,textile design,knowledge,0,,approved,2025-01-07T00:00:00Z
300309,jewelry design,knowledge,0,,approved,2025-01-07T00:00:00Z
300310,photography,knowledge,0,,approved,2025-01-07T00:00:00Z
300311,videography,knowledge,0,,approved,2025-01-07T00:00:00Z
300312,photo editing,knowledge,0,,approved,2025-01-07T00:00:00Z
300313,video editing,knowledge,0,,approved,2025-01-07T00:00:00Z
300314,color grading,knowledge,0,,approved,2025-01-07T00:00:00Z
300315,compositing,knowledge,0,,approved,2025-01-07T00:00:00Z
300316,journalism,knowledge,0,,approved,2025-01-07T00:00:00Z
300317,broadcast journalism,knowledge,0,,approved,2025-01-07T00:00:00Z
300318,investigative journalism,knowledge,0,,approved,2025-01-07T00:00:00Z
300319,photojournalism,knowledge,0,,approved,2025-01-07T00:00:00Z
300320,sports journalism,knowledge,0,,approved,2025-01-07T00:00:00Z
300321,editing,knowledge,0,,approved,2025-01-07T00:00:00Z
300322,copyediting,knowledge,0,,approved,2025-01-07T00:00:00Z
300323,proofreading,knowledge,0,,approved,2025-01-07T00:00:00Z
300324,fact-checking,knowledge,0,,approved,2025-01-07T00:00:00Z
300325,technical writing,knowledge,0,,approved,2025-01-07T00:00:00Z
300326,grant writing,knowledge,0,,approved,2025-01-07T00:00:00Z
300327,proposal writing,knowledge,0,,approved,2025-01-07T00:00:00Z
300328,speechwriting,knowledge,0,,approved,2025-01-07T00:00:00Z
300329,copywriting,knowledge,0,,approved,2025-01-07T00:00:00Z
300330,UX writing,knowledge,0,,approved,2025-01-07T00:00:00Z
300331,content strategy,knowledge,0,,approved,2025-01-07T00:00:00Z
300332,publishing,knowledge,0,,approved,2025-01-07T00:00:00Z
300333,book publishing,knowledge,0,,approved,2025-01-07T00:00:00Z
300334,magazine publishing,knowledge,0,,approved,2025-01-07T00:00:00Z
300335,digital publishing,knowledge,0,,approved,2025-01-07T00:00:00Z
300336,translation,knowledge,0,,approved,2025-01-07T00:00:00Z
300337,interpretation,knowledge,0,,approved,2025-01-07T00:00:00Z
300338,localization,knowledge,0,,approved,2025-01-07T00:00:00Z
300339,linguistics,knowledge,0,,approved,2025-01-07T00:00:00Z
300340,education,knowledge,0,,approved,2025-01-07T00:00:00Z
300341,curriculum development,knowledge,0,,approved,2025-01-07T00:00:00Z
300342,instructional design,knowledge,0,,approved,2025-01-07T00:00:00Z
300343,e-learning,knowledge,0,,approved,2025-01-07T00:00:00Z
300344,educational technology,knowledge,0,,approved,2025-01-07T00:00:00Z
300345,classroom management,knowledge,0,,approved,2025-01-07T00:00:00Z
300346,special education,knowledge,0,,approved,2025-01-07T00:00:00Z
300347,early childhood education,knowledge,0,,approved,2025-01-07T00:00:00Z
300348,K-12 education,knowledge,0,,approved,2025-01-07T00:00:00Z
300349,higher education,knowledge,0,,approved,2025-01-07T00:00:00Z
300350,adult education,knowledge,0,,approved,2025-01-07T00:00:00Z
300351,ESL/TESOL,knowledge,0,,approved,2025-01-07T00:00:00Z
300352,tutoring,knowledge,0,,approved,2025-01-07T00:00:00Z
300353,academic advising,knowledge,0,,approved,2025-01-07T00:00:00Z
300354,student affairs,knowledge,0,,approved,2025-01-07T00:00:00Z
300355,admissions,knowledge,0,,approved,2025-01-07T00:00:00Z
300356,financial aid,knowledge,0,,approved,2025-01-07T00:00:00Z
300357,library science,knowledge,0,,approved,2025-01-07T00:00:00Z
300358,archival science,knowledge,0,,approved,2025-01-07T00:00:00Z
300359,records management,knowledge,0,,approved,2025-01-07T00:00:00Z
300360,knowledge management,knowledge,0,,approved,2025-01-07T00:00:00Z
300361,research methodology,knowledge,0,,approved,2025-01-07T00:00:00Z
300362,quantitative research,knowledge,0,,approved,2025-01-07T00:00:00Z
300363,qualitative research,knowledge,0,,approved,2025-01-07T00:00:00Z
300364,survey design,knowledge,0,,approved,2025-01-07T00:00:00Z
300365,data visualization,knowledge,0,,approved,2025-01-07T00:00:00Z
300366,business intelligence,knowledge,0,,approved,2025-01-07T00:00:00Z
300367,reporting,knowledge,0,,approved,2025-01-07T00:00:00Z
300368,dashboards,knowledge,0,,approved,2025-01-07T00:00:00Z
300369,nonprofit management,knowledge,0,,approved,2025-01-07T00:00:00Z
300370,fundraising,knowledge,0,,approved,2025-01-07T00:00:00Z
300371,donor relations,knowledge,0,,approved,2025-01-07T00:00:00Z
300372,grant management,knowledge,0,,approved,2025-01-07T00:00:00Z
300373,volunteer management,knowledge,0,,approved,2025-01-07T00:00:00Z
300374,community organizing,knowledge,0,,approved,2025-01-07T00:00:00Z
300375,advocacy,knowledge,0,,approved,2025-01-07T00:00:00Z
300376,policy analysis,knowledge,0,,approved,2025-01-07T00:00:00Z
300377,public policy,knowledge,0,,approved,2025-01-07T00:00:00Z
300378,government relations,knowledge,0,,approved,2025-01-07T00:00:00Z
300379,lobbying,knowledge,0,,approved,2025-01-07T00:00:00Z
300380,political science,knowledge,0,,approved,2025-01-07T00:00:00Z
300381,international relations,knowledge,0,,approved,2025-01-07T00:00:00Z
300382,diplomacy,knowledge,0,,approved,2025-01-07T00:00:00Z
300383,foreign affairs,knowledge,0,,approved,2025-01-07T00:00:00Z
300384,intelligence analysis,knowledge,0,,approved,2025-01-07T00:00:00Z
300385,national security,knowledge,0,,approved,2025-01-07T00:00:00Z
300386,defense,knowledge,0,,approved,2025-01-07T00:00:00Z
300387,military operations,knowledge,0,,approved,2025-01-07T00:00:00Z
300388,law enforcement,knowledge,0,,approved,2025-01-07T00:00:00Z
300389,criminal justice,knowledge,0,,approved,2025-01-07T00:00:00Z
300390,corrections,knowledge,0,,approved,2025-01-07T00:00:00Z
300391,forensics,knowledge,0,,approved,2025-01-07T00:00:00Z
300392,crime scene investigation,knowledge,0,,approved,2025-01-07T00:00:00Z
300393,fire science,knowledge,0,,approved,2025-01-07T00:00:00Z
300394,emergency management,knowledge,0,,approved,2025-01-07T00:00:00Z
300395,disaster response,knowledge,0,,approved,2025-01-07T00:00:00Z
300396,crisis management,knowledge,0,,approved,2025-01-07T00:00:00Z
300397,business continuity,knowledge,0,,approved,2025-01-07T00:00:00Z
300398,mathematics,knowledge,0,,approved,2025-01-07T00:00:00Z
300399,algebra,knowledge,0,,approved,2025-01-07T00:00:00Z
300400,calculus,knowledge,0,,approved,2025-01-07T00:00:00Z
300401,geometry,knowledge,0,,approved,2025-01-07T00:00:00Z
300402,trigonometry,knowledge,0,,approved,2025-01-07T00:00:00Z
300403,linear algebra,knowledge,0,,approved,2025-01-07T00:00:00Z
300404,differential equations,knowledge,0,,approved,2025-01-07T00:00:00Z
300405,discrete mathematics,knowledge,0,,approved,2025-01-07T00:00:00Z
300406,number theory,knowledge,0,,approved,2025-01-07T00:00:00Z
300407,probability,knowledge,0,,approved,2025-01-07T00:00:00Z
300408,actuarial science,knowledge,0,,approved,2025-01-07T00:00:00Z
300409,operations research,knowledge,0,,approved,2025-01-07T00:00:00Z
300410,history,knowledge,0,,approved,2025-01-07T00:00:00Z
300411,art history,knowledge,0,,approved,2025-01-07T00:00:00Z
300412,music history,knowledge,0,,approved,2025-01-07T00:00:00Z
300413,philosophy,knowledge,0,,approved,2025-01-07T00:00:00Z
300414,ethics,knowledge,0,,approved,2025-01-07T00:00:00Z
300415,religious studies,knowledge,0,,approved,2025-01-07T00:00:00Z
300416,theology,knowledge,0,,approved,2025-01-07T00:00:00Z
300417,sociology,knowledge,0,,approved,2025-01-07T00:00:00Z
300418,anthropology,knowledge,0,,approved,2025-01-07T00:00:00Z
300419,archaeology,knowledge,0,,approved,2025-01-07T00:00:00Z
300420,cultural studies,knowledge,0,,approved,2025-01-07T00:00:00Z
300421,gender studies,knowledge,0,,approved,2025-01-07T00:00:00Z
300422,ethnic studies,knowledge,0,,approved,2025-01-07T00:00:00Z
300423,demography,knowledge,0,,approved,2025-01-07T00:00:00Z
300424,literature,knowledge,0,,approved,2025-01-07T00:00:00Z
300425,creative writing,knowledge,0,,approved,2025-01-07T00:00:00Z
300426,poetry,knowledge,0,,approved,2025-01-07T00:00:00Z
300427,screenwriting,knowledge,0,,approved,2025-01-07T00:00:00Z
300428,playwriting,knowledge,0,,approved,2025-01-07T00:00:00Z
300429,rhetoric,knowledge,0,,approved,2025-01-07T00:00:00Z
300430,communications,knowledge,0,,approved,2025-01-07T00:00:00Z
300431,public speaking,knowledge,0,,approved,2025-01-07T00:00:00Z
300432,debate,knowledge,0,,approved,2025-01-07T00:00:00Z
300433,negotiation,knowledge,0,,approved,2025-01-07T00:00:00Z
300434,conflict management,knowledge,0,,approved,2025-01-07T00:00:00Z
300435,music theory,knowledge,0,,approved,2025-01-07T00:00:00Z
300436,music composition,knowledge,0,,approved,2025-01-07T00:00:00Z
300437,music performance,knowledge,0,,approved,2025-01-07T00:00:00Z
300438,conducting,knowledge,0,,approved,2025-01-07T00:00:00Z
300439,music education,knowledge,0,,approved,2025-01-07T00:00:00Z
300440,fine arts,knowledge,0,,approved,2025-01-07T00:00:00Z
300441,painting,knowledge,0,,approved,2025-01-07T00:00:00Z
300442,sculpture,knowledge,0,,approved,2025-01-07T00:00:00Z
300443,ceramics,knowledge,0,,approved,2025-01-07T00:00:00Z
300444,printmaking,knowledge,0,,approved,2025-01-07T00:00:00Z
300445,mixed media,knowledge,0,,approved,2025-01-07T00:00:00Z
300446,art restoration,knowledge,0,,approved,2025-01-07T00:00:00Z
300447,museum studies,knowledge,0,,approved,2025-01-07T00:00:00Z
300448,gallery management,knowledge,0,,approved,2025-01-07T00:00:00Z
300449,arts administration,knowledge,0,,approved,2025-01-07T00:00:00Z
300450,dance,knowledge,0,,approved,2025-01-07T00:00:00Z
300451,choreography,knowledge,0,,approved,2025-01-07T00:00:00Z
300452,acting,knowledge,0,,approved,2025-01-07T00:00:00Z
300453,directing,knowledge,0,,approved,2025-01-07T00:00:00Z
300454,dramaturgy,knowledge,0,,approved,2025-01-07T00:00:00Z
300455,sports management,knowledge,0,,approved,2025-01-07T00:00:00Z
300456,athletic training,knowledge,0,,approved,2025-01-07T00:00:00Z
300457,coaching,knowledge,0,,approved,2025-01-07T00:00:00Z
300458,recreation management,knowledge,0,,approved,2025-01-07T00:00:00Z
300459,outdoor recreation,knowledge,0,,approved,2025-01-07T00:00:00Z
300460,English,knowledge,0,,approved,2025-01-07T00:00:00Z
300461,Spanish,knowledge,0,,approved,2025-01-07T00:00:00Z
300462,French,knowledge,0,,approved,2025-01-07T00:00:00Z
300463,German,knowledge,0,,approved,2025-01-07T00:00:00Z
300464,Italian,knowledge,0,,approved,2025-01-07T00:00:00Z
300465,Portuguese,knowledge,0,,approved,2025-01-07T00:00:00Z
300466,Russian,knowledge,0,,approved,2025-01-07T00:00:00Z
300467,Mandarin Chinese,knowledge,0,,approved,2025-01-07T00:00:00Z
300468,Cantonese,knowledge,0,,approved,2025-01-07T00:00:00Z
300469,Japanese,knowledge,0,,approved,2025-01-07T00:00:00Z
300470,Korean,knowledge,0,,approved,2025-01-07T00:00:00Z
300471,Arabic,knowledge,0,,approved,2025-01-07T00:00:00Z
300472,Hebrew,knowledge,0,,approved,2025-01-07T00:00:00Z
300473,Hindi,knowledge,0,,approved,2025-01-07T00:00:00Z
300474,Urdu,knowledge,0,,approved,2025-01-07T00:00:00Z
300475,Bengali,knowledge,0,,approved,2025-01-07T00:00:00Z
300476,Punjabi,knowledge,0,,approved,2025-01-07T00:00:00Z
300477,Tamil,knowledge,0,,approved,2025-01-07T00:00:00Z
300478,Telugu,knowledge,0,,approved,2025-01-07T00:00:00Z
300479,Vietnamese,knowledge,0,,approved,2025-01-07T00:00:00Z
300480,Thai,knowledge,0,,approved,2025-01-07T00:00:00Z
300481,Indonesian,knowledge,0,,approved,2025-01-07T00:00:00Z
300482,Malay,knowledge,0,,approved,2025-01-07T00:00:00Z
300483,Tagalog,knowledge,0,,approved,2025-01-07T00:00:00Z
300484,Dutch,knowledge,0,,approved,2025-01-07T00:00:00Z
300485,Swedish,knowledge,0,,approved,2025-01-07T00:00:00Z
300486,Norwegian,knowledge,0,,approved,2025-01-07T00:00:00Z
300487,Danish,knowledge,0,,approved,2025-01-07T00:00:00Z
300488,Finnish,knowledge,0,,approved,2025-01-07T00:00:00Z
300489,Polish,knowledge,0,,approved,2025-01-07T00:00:00Z
300490,Czech,knowledge,0,,approved,2025-01-07T00:00:00Z
300491,Hungarian,knowledge,0,,approved,2025-01-07T00:00:00Z
300492,Romanian,knowledge,0,,approved,2025-01-07T00:00:00Z
300493,Greek,knowledge,0,,approved,2025-01-07T00:00:00Z
300494,Turkish,knowledge,0,,approved,2025-01-07T00:00:00Z
300495,Farsi,knowledge,0,,approved,2025-01-07T00:00:00Z
300496,Swahili,knowledge,0,,approved,2025-01-07T00:00:00Z
300497,Hausa,knowledge,0,,approved,2025-01-07T00:00:00Z
300498,Yoruba,knowledge,0,,approved,2025-01-07T00:00:00Z
300499,Zulu,knowledge,0,,approved,2025-01-07T00:00:00Z
300500,American Sign Language,knowledge,0,,approved,2025-01-07T00:00:00Z
300501,Microsoft Excel,knowledge,0,,approved,2025-01-07T00:00:00Z
300502,Microsoft Word,knowledge,0,,approved,2025-01-07T00:00:00Z
300503,Microsoft PowerPoint,knowledge,0,,approved,2025-01-07T00:00:00Z
300504,Microsoft Outlook,knowledge,0,,approved,2025-01-07T00:00:00Z
300505,Microsoft Access,knowledge,0,,approved,2025-01-07T00:00:00Z
300506,Microsoft Project,knowledge,0,,approved,2025-01-07T00:00:00Z
300507,Microsoft Teams,knowledge,0,,approved,2025-01-07T00:00:00Z
300508,Microsoft SharePoint,knowledge,0,,approved,2025-01-07T00:00:00Z
300509,Microsoft Dynamics,knowledge,0,,approved,2025-01-07T00:00:00Z
300510,Microsoft Azure,knowledge,0,,approved,2025-01-07T00:00:00Z
300511,Google Workspace,knowledge,0,,approved,2025-01-07T00:00:00Z
300512,Google Sheets,knowledge,0,,approved,2025-01-07T00:00:00Z
300513,Google Docs,knowledge,0,,approved,2025-01-07T00:00:00Z
300514,Google Slides,knowledge,0,,approved,2025-01-07T00:00:00Z
300515,Google Analytics,knowledge,0,,approved,2025-01-07T00:00:00Z
300516,Google Ads,knowledge,0,,approved,2025-01-07T00:00:00Z
300517,Google Cloud Platform,knowledge,0,,approved,2025-01-07T00:00:00Z
300518,Amazon Web Services,knowledge,0,,approved,2025-01-07T00:00:00Z
300519,Adobe Photoshop,knowledge,0,,approved,2025-01-07T00:00:00Z
300520,Adobe Illustrator,knowledge,0,,approved,2025-01-07T00:00:00Z
300521,Adobe InDesign,knowledge,0,,approved,2025-01-07T00:00:00Z
300522,Adobe Premiere Pro,knowledge,0,,approved,2025-01-07T00:00:00Z
300523,Adobe After Effects,knowledge,0,,approved,2025-01-07T00:00:00Z
300524,Adobe XD,knowledge,0,,approved,2025-01-07T00:00:00Z
300525,Adobe Acrobat,knowledge,0,,approved,2025-01-07T00:00:00Z
300526,Adobe Lightroom,knowledge,0,,approved,2025-01-07T00:00:00Z
300527,Adobe Audition,knowledge,0,,approved,2025-01-07T00:00:00Z
300528,Figma,knowledge,0,,approved,2025-01-07T00:00:00Z
300529,Sketch,knowledge,0,,approved,2025-01-07T00:00:00Z
300530,Canva,knowledge,0,,approved,2025-01-07T00:00:00Z
300531,Final Cut Pro,knowledge,0,,approved,2025-01-07T00:00:00Z
300532,DaVinci Resolve,knowledge,0,,approved,2025-01-07T00:00:00Z
300533,Pro Tools,knowledge,0,,approved,2025-01-07T00:00:00Z
300534,Logic Pro,knowledge,0,,approved,2025-01-07T00:00:00Z
300535,Ableton Live,knowledge,0,,approved,2025-01-07T00:00:00Z
300536,AutoCAD,knowledge,0,,approved,2025-01-07T00:00:00Z
300537,SolidWorks,knowledge,0,,approved,2025-01-07T00:00:00Z
300538,Revit,knowledge,0,,approved,2025-01-07T00:00:00Z
300539,SketchUp,knowledge,0,,approved,2025-01-07T00:00:00Z
300540,Rhino,knowledge,0,,approved,2025-01-07T00:00:00Z
300541,CATIA,knowledge,0,,approved,2025-01-07T00:00:00Z
300542,Inventor,knowledge,0,,approved,2025-01-07T00:00:00Z
300543,Fusion 360,knowledge,0,,approved,2025-01-07T00:00:00Z
300544,Blender,knowledge,0,,approved,2025-01-07T00:00:00Z
300545,Maya,knowledge,0,,approved,2025-01-07T00:00:00Z
300546,Cinema 4D,knowledge,0,,approved,2025-01-07T00:00:00Z
300547,3ds Max,knowledge,0,,approved,2025-01-07T00:00:00Z
300548,Unity,knowledge,0,,approved,2025-01-07T00:00:00Z
300549,Unreal Engine,knowledge,0,,approved,2025-01-07T00:00:00Z
300550,Tableau,knowledge,0,,approved,2025-01-07T00:00:00Z
300551,Power BI,knowledge,0,,approved,2025-01-07T00:00:00Z
300552,Looker,knowledge,0,,approved,2025-01-07T00:00:00Z
300553,SAP,knowledge,0,,approved,2025-01-07T00:00:00Z
300554,Oracle,knowledge,0,,approved,2025-01-07T00:00:00Z
300555,Workday,knowledge,0,,approved,2025-01-07T00:00:00Z
300556,ServiceNow,knowledge,0,,approved,2025-01-07T00:00:00Z
300557,Jira,knowledge,0,,approved,2025-01-07T00:00:00Z
300558,Confluence,knowledge,0,,approved,2025-01-07T00:00:00Z
300559,Asana,knowledge,0,,approved,2025-01-07T00:00:00Z
300560,Trello,knowledge,0,,approved,2025-01-07T00:00:00Z
300561,Monday.com,knowledge,0,,approved,2025-01-07T00:00:00Z
300562,Notion,knowledge,0,,approved,2025-01-07T00:00:00Z
300563,Slack,knowledge,0,,approved,2025-01-07T00:00:00Z
300564,Zoom,knowledge,0,,approved,2025-01-07T00:00:00Z
300565,Webex,knowledge,0,,approved,2025-01-07T00:00:00Z
300566,QuickBooks,knowledge,0,,approved,2025-01-07T00:00:00Z
300567,Xero,knowledge,0,,approved,2025-01-07T00:00:00Z
300568,NetSuite,knowledge,0,,approved,2025-01-07T00:00:00Z
300569,Mailchimp,knowledge,0,,approved,2025-01-07T00:00:00Z
300570,Marketo,knowledge,0,,approved,2025-01-07T00:00:00Z
300571,Pardot,knowledge,0,,approved,2025-01-07T00:00:00Z
300572,Hootsuite,knowledge,0,,approved,2025-01-07T00:00:00Z
300573,Sprout Social,knowledge,0,,approved,2025-01-07T00:00:00Z
300574,Buffer,knowledge,0,,approved,2025-01-07T00:00:00Z
300575,WordPress,knowledge,0,,approved,2025-01-07T00:00:00Z
300576,Drupal,knowledge,0,,approved,2025-01-07T00:00:00Z
300577,Squarespace,knowledge,0,,approved,2025-01-07T00:00:00Z
300578,Wix,knowledge,0,,approved,2025-01-07T00:00:00Z
300579,Shopify,knowledge,0,,approved,2025-01-07T00:00:00Z
300580,Magento,knowledge,0,,approved,2025-01-07T00:00:00Z
300581,WooCommerce,knowledge,0,,approved,2025-01-07T00:00:00Z
300582,Zendesk,knowledge,0,,approved,2025-01-07T00:00:00Z
300583,Intercom,knowledge,0,,approved,2025-01-07T00:00:00Z
300584,Freshdesk,knowledge,0,,approved,2025-01-07T00:00:00Z
300585,Python,knowledge,0,,approved,2025-01-07T00:00:00Z
300586,JavaScript,knowledge,0,,approved,2025-01-07T00:00:00Z
300587,TypeScript,knowledge,0,,approved,2025-01-07T00:00:00Z
300588,Java,knowledge,0,,approved,2025-01-07T00:00:00Z
300589,C,knowledge,0,,approved,2025-01-07T00:00:00Z
300590,C++,knowledge,0,,approved,2025-01-07T00:00:00Z
300591,C#,knowledge,0,,approved,2025-01-07T00:00:00Z
300592,Ruby,knowledge,0,,approved,2025-01-07T00:00:00Z
300593,PHP,knowledge,0,,approved,2025-01-07T00:00:00Z
300594,Go,knowledge,0,,approved,2025-01-07T00:00:00Z
300595,Rust,knowledge,0,,approved,2025-01-07T00:00:00Z
300596,Swift,knowledge,0,,approved,2025-01-07T00:00:00Z
300597,Kotlin,knowledge,0,,approved,2025-01-07T00:00:00Z
300598,Scala,knowledge,0,,approved,2025-01-07T00:00:00Z
300599,R,knowledge,0,,approved,2025-01-07T00:00:00Z
300600,MATLAB,knowledge,0,,approved,2025-01-07T00:00:00Z
300601,SQL,knowledge,0,,approved,2025-01-07T00:00:00Z
300602,NoSQL,knowledge,0,,approved,2025-01-07T00:00:00Z
300603,MongoDB,knowledge,0,,approved,2025-01-07T00:00:00Z
300604,PostgreSQL,knowledge,0,,approved,2025-01-07T00:00:00Z
300605,MySQL,knowledge,0,,approved,2025-01-07T00:00:00Z
300606,Redis,knowledge,0,,approved,2025-01-07T00:00:00Z
300607,Elasticsearch,knowledge,0,,approved,2025-01-07T00:00:00Z
300608,GraphQL,knowledge,0,,approved,2025-01-07T00:00:00Z
300609,REST APIs,knowledge,0,,approved,2025-01-07T00:00:00Z
300610,HTML,knowledge,0,,approved,2025-01-07T00:00:00Z
300611,CSS,knowledge,0,,approved,2025-01-07T00:00:00Z
300612,React,knowledge,0,,approved,2025-01-07T00:00:00Z
300613,Angular,knowledge,0,,approved,2025-01-07T00:00:00Z
300614,Vue.js,knowledge,0,,approved,2025-01-07T00:00:00Z
300615,Node.js,knowledge,0,,approved,2025-01-07T00:00:00Z
300616,Django,knowledge,0,,approved,2025-01-07T00:00:00Z
300617,Flask,knowledge,0,,approved,2025-01-07T00:00:00Z
300618,Rails,knowledge,0,,approved,2025-01-07T00:00:00Z
300619,Spring,knowledge,0,,approved,2025-01-07T00:00:00Z
300620,.NET,knowledge,0,,approved,2025-01-07T00:00:00Z
300621,Laravel,knowledge,0,,approved,2025-01-07T00:00:00Z
300622,Docker,knowledge,0,,approved,2025-01-07T00:00:00Z
300623,Kubernetes,knowledge,0,,approved,2025-01-07T00:00:00Z
300624,Terraform,knowledge,0,,approved,2025-01-07T00:00:00Z
300625,Ansible,knowledge,0,,approved,2025-01-07T00:00:00Z
300626,Jenkins,knowledge,0,,approved,2025-01-07T00:00:00Z
300627,Git,knowledge,0,,approved,2025-01-07T00:00:00Z
300628,GitHub,knowledge,0,,approved,2025-01-07T00:00:00Z
300629,GitLab,knowledge,0,,approved,2025-01-07T00:00:00Z
300630,Linux,knowledge,0,,approved,2025-01-07T00:00:00Z
300631,Windows Server,knowledge,0,,approved,2025-01-07T00:00:00Z
300632,macOS,knowledge,0,,approved,2025-01-07T00:00:00Z
300633,iOS,knowledge,0,,approved,2025-01-07T00:00:00Z
300634,Android,knowledge,0,,approved,2025-01-07T00:00:00Z
300635,React Native,knowledge,0,,approved,2025-01-07T00:00:00Z
300636,Flutter,knowledge,0,,approved,2025-01-07T00:00:00Z
300637,TensorFlow,knowledge,0,,approved,2025-01-07T00:00:00Z
300638,PyTorch,knowledge,0,,approved,2025-01-07T00:00:00Z
300639,scikit-learn,knowledge,0,,approved,2025-01-07T00:00:00Z
300640,pandas,knowledge,0,,approved,2025-01-07T00:00:00Z
300641,NumPy,knowledge,0,,approved,2025-01-07T00:00:00Z
300642,Apache Spark,knowledge,0,,approved,2025-01-07T00:00:00Z
300643,Hadoop,knowledge,0,,approved,2025-01-07T00:00:00Z
300644,Kafka,knowledge,0,,approved,2025-01-07T00:00:00Z
300645,Airflow,knowledge,0,,approved,2025-01-07T00:00:00Z
300646,dbt,knowledge,0,,approved,2025-01-07T00:00:00Z
300647,Snowflake,knowledge,0,,approved,2025-01-07T00:00:00Z
300648,Databricks,knowledge,0,,approved,2025-01-07T00:00:00Z
300649,SPSS,knowledge,0,,approved,2025-01-07T00:00:00Z
300650,SAS,knowledge,0,,approved,2025-01-07T00:00:00Z
300651,Stata,knowledge,0,,approved,2025-01-07T00:00:00Z
